,file,data,stats
0,Bad_Camera_Quality.jpg,[],"{'bicycle': 0, 'car': 0, 'truck': 0, 'train': 0, 'motorcycle': 0}"
1,IMG_7767_Medium.jpeg,"[{'score': 0.9981088638305664, 'label': 'bicycle', 'box': {'xmin': 17, 'ymin': 310, 'xmax': 33, 'ymax': 355}}, {'score': 0.9855003952980042, 'label': 'person', 'box': {'xmin': 94, 'ymin': 277, 'xmax': 105, 'ymax': 300}}, {'score': 0.992591142654419, 'label': 'car', 'box': {'xmin': 196, 'ymin': 277, 'xmax': 230, 'ymax': 295}}, {'score': 0.9983566403388977, 'label': 'person', 'box': {'xmin': 10, 'ymin': 269, 'xmax': 45, 'ymax': 342}}, {'score': 0.9711587429046631, 'label': 'backpack', 'box': {'xmin': 15, 'ymin': 283, 'xmax': 35, 'ymax': 305}}, {'score': 0.9991390705108643, 'label': 'car', 'box': {'xmin': 224, 'ymin': 269, 'xmax': 410, 'ymax': 343}}]","{'bicycle': 1, 'car': 2, 'truck': 0, 'train': 0, 'motorcycle': 0}"
2,IMG_20231017_184135_Medium.jpeg,"[{'score': 0.9818965196609497, 'label': 'bicycle', 'box': {'xmin': 125, 'ymin': 267, 'xmax': 174, 'ymax': 305}}, {'score': 0.9576945304870605, 'label': 'bench', 'box': {'xmin': 53, 'ymin': 294, 'xmax': 104, 'ymax': 321}}, {'score': 0.9093023538589478, 'label': 'bicycle', 'box': {'xmin': 504, 'ymin': 272, 'xmax': 553, 'ymax': 308}}, {'score': 0.9135708808898926, 'label': 'bicycle', 'box': {'xmin': 425, 'ymin': 244, 'xmax': 454, 'ymax': 268}}, {'score': 0.9986899495124817, 'label': 'person', 'box': {'xmin': 83, 'ymin': 253, 'xmax': 126, 'ymax': 317}}, {'score': 0.9251084923744202, 'label': 'bicycle', 'box': {'xmin': 230, 'ymin': 252, 'xmax': 491, 'ymax': 460}}, {'score': 0.9833219051361084, 'label': 'bicycle', 'box': {'xmin': 249, 'ymin': 246, 'xmax': 277, 'ymax': 268}}, {'score': 0.9908092021942139, 'label': 'truck', 'box': {'xmin': 509, 'ymin': 193, 'xmax': 590, 'ymax': 270}}, {'score': 0.9719344973564148, 'label': 'bicycle', 'box': {'xmin': 231, 'ymin': 249, 'xmax': 566, 'ymax': 461}}]","{'bicycle': 6, 'car': 0, 'truck': 1, 'train': 0, 'motorcycle': 0}"
3,IMG_1732.jpg,"[{'score': 0.9407945871353149, 'label': 'bicycle', 'box': {'xmin': 0, 'ymin': 0, 'xmax': 94, 'ymax': 172}}, {'score': 0.9765645861625671, 'label': 'bicycle', 'box': {'xmin': 29, 'ymin': 226, 'xmax': 171, 'ymax': 614}}, {'score': 0.9574528336524963, 'label': 'bicycle', 'box': {'xmin': 178, 'ymin': 190, 'xmax': 304, 'ymax': 626}}, {'score': 0.905415952205658, 'label': 'bicycle', 'box': {'xmin': 413, 'ymin': 260, 'xmax': 480, 'ymax': 583}}, {'score': 0.9255483150482178, 'label': 'bicycle', 'box': {'xmin': 136, 'ymin': 206, 'xmax': 216, 'ymax': 433}}, {'score': 0.9430367350578308, 'label': 'bicycle', 'box': {'xmin': 279, 'ymin': 211, 'xmax': 431, 'ymax': 606}}]","{'bicycle': 6, 'car': 0, 'truck': 0, 'train': 0, 'motorcycle': 0}"
4,IMG_20231017_183432_Medium.jpeg,"[{'score': 0.9881346225738525, 'label': 'bicycle', 'box': {'xmin': 293, 'ymin': 286, 'xmax': 339, 'ymax': 355}}, {'score': 0.9575303196907043, 'label': 'bicycle', 'box': {'xmin': 419, 'ymin': 277, 'xmax': 473, 'ymax': 331}}, {'score': 0.9850656390190125, 'label': 'person', 'box': {'xmin': 603, 'ymin': 249, 'xmax': 639, 'ymax': 288}}, {'score': 0.9704924821853638, 'label': 'person', 'box': {'xmin': 339, 'ymin': 257, 'xmax': 350, 'ymax': 287}}, {'score': 0.9944989085197449, 'label': 'bicycle', 'box': {'xmin': 220, 'ymin': 277, 'xmax': 291, 'ymax': 344}}, {'score': 0.9420075416564941, 'label': 'person', 'box': {'xmin': 428, 'ymin': 276, 'xmax': 460, 'ymax': 315}}, {'score': 0.9933409094810486, 'label': 'bicycle', 'box': {'xmin': 353, 'ymin': 274, 'xmax': 383, 'ymax': 306}}, {'score': 0.9979283809661865, 'label': 'bicycle', 'box': {'xmin': 378, 'ymin': 285, 'xmax': 454, 'ymax': 370}}]","{'bicycle': 5, 'car': 0, 'truck': 0, 'train': 0, 'motorcycle': 0}"
5,IMG_6134.jpeg,"[{'score': 0.9977388381958008, 'label': 'person', 'box': {'xmin': 219, 'ymin': 313, 'xmax': 245, 'ymax': 379}}, {'score': 0.9385301470756531, 'label': 'person', 'box': {'xmin': 280, 'ymin': 314, 'xmax': 291, 'ymax': 342}}, {'score': 0.9980354905128479, 'label': 'person', 'box': {'xmin': 164, 'ymin': 305, 'xmax': 207, 'ymax': 414}}, {'score': 0.9932199120521545, 'label': 'backpack', 'box': {'xmin': 326, 'ymin': 342, 'xmax': 363, 'ymax': 384}}, {'score': 0.9064270257949829, 'label': 'bicycle', 'box': {'xmin': 0, 'ymin': 353, 'xmax': 49, 'ymax': 429}}, {'score': 0.9931540489196777, 'label': 'person', 'box': {'xmin': 242, 'ymin': 311, 'xmax': 259, 'ymax': 363}}, {'score': 0.9986191987991333, 'label': 'person', 'box': {'xmin': 121, 'ymin': 314, 'xmax': 161, 'ymax': 411}}, {'score': 0.9852575659751892, 'label': 'handbag', 'box': {'xmin': 304, 'ymin': 389, 'xmax': 325, 'ymax': 416}}, {'score': 0.998071014881134, 'label': 'person', 'box': {'xmin': 288, 'ymin': 307, 'xmax': 318, 'ymax': 384}}, {'score': 0.9522886872291565, 'label': 'dog', 'box': {'xmin': 371, 'ymin': 407, 'xmax': 402, 'ymax': 442}}, {'score': 0.9521185159683228, 'label': 'person', 'box': {'xmin': 152, 'ymin': 318, 'xmax': 166, 'ymax': 348}}, {'score': 0.9996674060821533, 'label': 'dog', 'box': {'xmin': 202, 'ymin': 371, 'xmax': 240, 'ymax': 416}}, {'score': 0.999639630317688, 'label': 'person', 'box': {'xmin': 310, 'ymin': 323, 'xmax': 367, 'ymax': 457}}]","{'bicycle': 1, 'car': 0, 'truck': 0, 'train': 0, 'motorcycle': 0}"
6,IMG_20231017_183347_Medium.jpeg,"[{'score': 0.9506428837776184, 'label': 'person', 'box': {'xmin': 103, 'ymin': 176, 'xmax': 111, 'ymax': 198}}, {'score': 0.9977401494979858, 'label': 'bicycle', 'box': {'xmin': 419, 'ymin': 195, 'xmax': 564, 'ymax': 303}}, {'score': 0.9847596287727356, 'label': 'handbag', 'box': {'xmin': 446, 'ymin': 206, 'xmax': 485, 'ymax': 241}}, {'score': 0.9325762987136841, 'label': 'umbrella', 'box': {'xmin': 582, 'ymin': 146, 'xmax': 640, 'ymax': 172}}, {'score': 0.9647513031959534, 'label': 'bicycle', 'box': {'xmin': 317, 'ymin': 184, 'xmax': 337, 'ymax': 205}}, {'score': 0.9553444385528564, 'label': 'person', 'box': {'xmin': 187, 'ymin': 175, 'xmax': 196, 'ymax': 202}}, {'score': 0.9991278052330017, 'label': 'person', 'box': {'xmin': 460, 'ymin': 130, 'xmax': 504, 'ymax': 277}}]","{'bicycle': 2, 'car': 0, 'truck': 0, 'train': 0, 'motorcycle': 0}"
7,IMG_20231017_183400_Medium.jpeg,"[{'score': 0.9475703239440918, 'label': 'car', 'box': {'xmin': 132, 'ymin': 166, 'xmax': 335, 'ymax': 352}}, {'score': 0.9885807633399963, 'label': 'motorcycle', 'box': {'xmin': 571, 'ymin': 182, 'xmax': 598, 'ymax': 210}}, {'score': 0.9867892861366272, 'label': 'person', 'box': {'xmin': 429, 'ymin': 178, 'xmax': 437, 'ymax': 201}}]","{'bicycle': 0, 'car': 1, 'truck': 0, 'train': 0, 'motorcycle': 1}"
8,IMG_6135_1.jpg,"[{'score': 0.9986811280250549, 'label': 'person', 'box': {'xmin': 228, 'ymin': 298, 'xmax': 260, 'ymax': 387}}, {'score': 0.9542968273162842, 'label': 'bicycle', 'box': {'xmin': 168, 'ymin': 324, 'xmax': 186, 'ymax': 357}}, {'score': 0.9874253869056702, 'label': 'handbag', 'box': {'xmin': 311, 'ymin': 374, 'xmax': 329, 'ymax': 399}}, {'score': 0.9785758852958679, 'label': 'bicycle', 'box': {'xmin': 0, 'ymin': 383, 'xmax': 10, 'ymax': 427}}, {'score': 0.996009349822998, 'label': 'backpack', 'box': {'xmin': 330, 'ymin': 328, 'xmax': 362, 'ymax': 370}}, {'score': 0.9987545013427734, 'label': 'person', 'box': {'xmin': 189, 'ymin': 284, 'xmax': 228, 'ymax': 399}}, {'score': 0.9984772801399231, 'label': 'person', 'box': {'xmin': 93, 'ymin': 285, 'xmax': 170, 'ymax': 449}}, {'score': 0.9989689588546753, 'label': 'dog', 'box': {'xmin': 146, 'ymin': 379, 'xmax': 187, 'ymax': 448}}, {'score': 0.9977953433990479, 'label': 'person', 'box': {'xmin': 44, 'ymin': 295, 'xmax': 110, 'ymax': 441}}, {'score': 0.9176454544067383, 'label': 'bicycle', 'box': {'xmin': 167, 'ymin': 312, 'xmax': 186, 'ymax': 340}}, {'score': 0.9970627427101135, 'label': 'person', 'box': {'xmin': 307, 'ymin': 294, 'xmax': 335, 'ymax': 360}}, {'score': 0.9843224883079529, 'label': 'dog', 'box': {'xmin': 368, 'ymin': 390, 'xmax': 393, 'ymax': 421}}, {'score': 0.9901142120361328, 'label': 'person', 'box': {'xmin': 252, 'ymin': 296, 'xmax': 271, 'ymax': 349}}, {'score': 0.994840681552887, 'label': 'bicycle', 'box': {'xmin': 203, 'ymin': 337, 'xmax': 242, 'ymax': 415}}, {'score': 0.9995508790016174, 'label': 'person', 'box': {'xmin': 314, 'ymin': 305, 'xmax': 369, 'ymax': 434}}]","{'bicycle': 4, 'car': 0, 'truck': 0, 'train': 0, 'motorcycle': 0}"
9,IMG_20231017_183856_Medium.jpeg,"[{'score': 0.9950527548789978, 'label': 'bicycle', 'box': {'xmin': 373, 'ymin': 317, 'xmax': 449, 'ymax': 378}}, {'score': 0.9704607129096985, 'label': 'person', 'box': {'xmin': 66, 'ymin': 304, 'xmax': 82, 'ymax': 331}}, {'score': 0.9462005496025085, 'label': 'person', 'box': {'xmin': 61, 'ymin': 318, 'xmax': 87, 'ymax': 375}}, {'score': 0.995894193649292, 'label': 'bicycle', 'box': {'xmin': 283, 'ymin': 318, 'xmax': 364, 'ymax': 379}}]","{'bicycle': 2, 'car': 0, 'truck': 0, 'train': 0, 'motorcycle': 0}"
10,252C5644-3214-44D0-B608-2A4440DECAAB.jpeg,"[{'score': 0.986838161945343, 'label': 'person', 'box': {'xmin': 89, 'ymin': 335, 'xmax': 106, 'ymax': 376}}, {'score': 0.9966506361961365, 'label': 'car', 'box': {'xmin': 55, 'ymin': 359, 'xmax': 213, 'ymax': 426}}, {'score': 0.997500479221344, 'label': 'bicycle', 'box': {'xmin': 0, 'ymin': 434, 'xmax': 67, 'ymax': 640}}, {'score': 0.9991605281829834, 'label': 'person', 'box': {'xmin': 167, 'ymin': 349, 'xmax': 251, 'ymax': 572}}, {'score': 0.981227695941925, 'label': 'person', 'box': {'xmin': 70, 'ymin': 334, 'xmax': 89, 'ymax': 380}}, {'score': 0.9690967202186584, 'label': 'backpack', 'box': {'xmin': 164, 'ymin': 375, 'xmax': 211, 'ymax': 441}}, {'score': 0.974197506904602, 'label': 'truck', 'box': {'xmin': 223, 'ymin': 302, 'xmax': 479, 'ymax': 473}}, {'score': 0.9981174468994141, 'label': 'bicycle', 'box': {'xmin': 115, 'ymin': 413, 'xmax': 351, 'ymax': 593}}, {'score': 0.9220763444900513, 'label': 'car', 'box': {'xmin': 223, 'ymin': 302, 'xmax': 479, 'ymax': 471}}]","{'bicycle': 2, 'car': 2, 'truck': 1, 'train': 0, 'motorcycle': 0}"
11,4DA8D7AB-06E2-48D2-9F09-62FF1B8BF2A2.jpeg,"[{'score': 0.9134060740470886, 'label': 'car', 'box': {'xmin': 0, 'ymin': 291, 'xmax': 145, 'ymax': 337}}, {'score': 0.9992190599441528, 'label': 'car', 'box': {'xmin': 10, 'ymin': 281, 'xmax': 471, 'ymax': 523}}]","{'bicycle': 0, 'car': 2, 'truck': 0, 'train': 0, 'motorcycle': 0}"
12,IMG_20231017_184112_Medium.jpeg,"[{'score': 0.9917043447494507, 'label': 'bicycle', 'box': {'xmin': 512, 'ymin': 304, 'xmax': 573, 'ymax': 359}}, {'score': 0.9930837154388428, 'label': 'bicycle', 'box': {'xmin': 461, 'ymin': 299, 'xmax': 499, 'ymax': 344}}, {'score': 0.9855072498321533, 'label': 'motorcycle', 'box': {'xmin': 274, 'ymin': 312, 'xmax': 304, 'ymax': 335}}, {'score': 0.9521088004112244, 'label': 'bicycle', 'box': {'xmin': 78, 'ymin': 334, 'xmax': 106, 'ymax': 409}}, {'score': 0.9893068671226501, 'label': 'bicycle', 'box': {'xmin': 0, 'ymin': 328, 'xmax': 74, 'ymax': 451}}, {'score': 0.9622000455856323, 'label': 'motorcycle', 'box': {'xmin': 351, 'ymin': 313, 'xmax': 365, 'ymax': 332}}]","{'bicycle': 4, 'car': 0, 'truck': 0, 'train': 0, 'motorcycle': 2}"
13,IMG_20231017_183913_Medium.jpeg,"[{'score': 0.995784342288971, 'label': 'bicycle', 'box': {'xmin': 483, 'ymin': 231, 'xmax': 534, 'ymax': 326}}, {'score': 0.9961645603179932, 'label': 'person', 'box': {'xmin': 535, 'ymin': 114, 'xmax': 640, 'ymax': 364}}, {'score': 0.9449579119682312, 'label': 'handbag', 'box': {'xmin': 231, 'ymin': 222, 'xmax': 255, 'ymax': 258}}, {'score': 0.9556809663772583, 'label': 'bicycle', 'box': {'xmin': 197, 'ymin': 188, 'xmax': 246, 'ymax': 312}}, {'score': 0.9939424395561218, 'label': 'person', 'box': {'xmin': 192, 'ymin': 168, 'xmax': 247, 'ymax': 291}}, {'score': 0.9953852295875549, 'label': 'person', 'box': {'xmin': 87, 'ymin': 241, 'xmax': 101, 'ymax': 274}}, {'score': 0.9946300983428955, 'label': 'bicycle', 'box': {'xmin': 596, 'ymin': 254, 'xmax': 640, 'ymax': 427}}, {'score': 0.9943495392799377, 'label': 'bicycle', 'box': {'xmin': 403, 'ymin': 232, 'xmax': 469, 'ymax': 283}}, {'score': 0.9972368478775024, 'label': 'person', 'box': {'xmin': 465, 'ymin': 145, 'xmax': 521, 'ymax': 299}}]","{'bicycle': 4, 'car': 0, 'truck': 0, 'train': 0, 'motorcycle': 0}"
14,IMG_6138.jpeg,"[{'score': 0.9642746448516846, 'label': 'person', 'box': {'xmin': 223, 'ymin': 331, 'xmax': 239, 'ymax': 359}}, {'score': 0.9666179418563843, 'label': 'bicycle', 'box': {'xmin': 228, 'ymin': 351, 'xmax': 273, 'ymax': 398}}, {'score': 0.9960350394248962, 'label': 'bicycle', 'box': {'xmin': 413, 'ymin': 371, 'xmax': 475, 'ymax': 439}}, {'score': 0.9944009184837341, 'label': 'bicycle', 'box': {'xmin': 364, 'ymin': 356, 'xmax': 408, 'ymax': 431}}, {'score': 0.9758729934692383, 'label': 'bicycle', 'box': {'xmin': 159, 'ymin': 358, 'xmax': 189, 'ymax': 402}}, {'score': 0.9897809028625488, 'label': 'person', 'box': {'xmin': 264, 'ymin': 335, 'xmax': 277, 'ymax': 353}}, {'score': 0.9171938300132751, 'label': 'person', 'box': {'xmin': 345, 'ymin': 336, 'xmax': 353, 'ymax': 352}}, {'score': 0.9075217843055725, 'label': 'umbrella', 'box': {'xmin': 121, 'ymin': 318, 'xmax': 183, 'ymax': 336}}, {'score': 0.9954479336738586, 'label': 'bicycle', 'box': {'xmin': 262, 'ymin': 355, 'xmax': 321, 'ymax': 418}}]","{'bicycle': 5, 'car': 0, 'truck': 0, 'train': 0, 'motorcycle': 0}"
15,IMG_20231017_183629_Medium.jpeg,"[{'score': 0.9794046878814697, 'label': 'bicycle', 'box': {'xmin': 242, 'ymin': 261, 'xmax': 326, 'ymax': 316}}, {'score': 0.9753245115280151, 'label': 'person', 'box': {'xmin': 40, 'ymin': 243, 'xmax': 49, 'ymax': 263}}, {'score': 0.9937984347343445, 'label': 'bicycle', 'box': {'xmin': 547, 'ymin': 253, 'xmax': 597, 'ymax': 326}}, {'score': 0.994296133518219, 'label': 'bicycle', 'box': {'xmin': 491, 'ymin': 256, 'xmax': 549, 'ymax': 316}}, {'score': 0.9644124507904053, 'label': 'handbag', 'box': {'xmin': 363, 'ymin': 257, 'xmax': 391, 'ymax': 286}}, {'score': 0.9533572793006897, 'label': 'bicycle', 'box': {'xmin': 210, 'ymin': 243, 'xmax': 241, 'ymax': 273}}, {'score': 0.9886698722839355, 'label': 'person', 'box': {'xmin': 24, 'ymin': 241, 'xmax': 33, 'ymax': 265}}, {'score': 0.9972912669181824, 'label': 'person', 'box': {'xmin': 80, 'ymin': 232, 'xmax': 98, 'ymax': 279}}, {'score': 0.9972684383392334, 'label': 'bicycle', 'box': {'xmin': 264, 'ymin': 255, 'xmax': 394, 'ymax': 339}}, {'score': 0.9155335426330566, 'label': 'person', 'box': {'xmin': 64, 'ymin': 242, 'xmax': 72, 'ymax': 264}}]","{'bicycle': 5, 'car': 0, 'truck': 0, 'train': 0, 'motorcycle': 0}"
16,D2987AF8-5542-4167-BC84-B69B88F1C693.jpeg,"[{'score': 0.9514235258102417, 'label': 'car', 'box': {'xmin': 16, 'ymin': 365, 'xmax': 49, 'ymax': 381}}, {'score': 0.9083139300346375, 'label': 'bicycle', 'box': {'xmin': 0, 'ymin': 400, 'xmax': 208, 'ymax': 552}}, {'score': 0.9492290019989014, 'label': 'car', 'box': {'xmin': 0, 'ymin': 364, 'xmax': 12, 'ymax': 389}}, {'score': 0.9719842672348022, 'label': 'bicycle', 'box': {'xmin': 0, 'ymin': 428, 'xmax': 141, 'ymax': 630}}, {'score': 0.9949446320533752, 'label': 'car', 'box': {'xmin': 80, 'ymin': 348, 'xmax': 270, 'ymax': 475}}, {'score': 0.9881309270858765, 'label': 'truck', 'box': {'xmin': 209, 'ymin': 325, 'xmax': 384, 'ymax': 446}}]","{'bicycle': 2, 'car': 3, 'truck': 1, 'train': 0, 'motorcycle': 0}"
17,IMG_6133_1.jpg,"[{'score': 0.9984466433525085, 'label': 'bicycle', 'box': {'xmin': 87, 'ymin': 251, 'xmax': 416, 'ymax': 539}}, {'score': 0.9004442691802979, 'label': 'book', 'box': {'xmin': 68, 'ymin': 215, 'xmax': 81, 'ymax': 234}}, {'score': 0.968440592288971, 'label': 'potted plant', 'box': {'xmin': 182, 'ymin': 223, 'xmax': 258, 'ymax': 396}}, {'score': 0.9940056800842285, 'label': 'handbag', 'box': {'xmin': 120, 'ymin': 281, 'xmax': 222, 'ymax': 406}}]","{'bicycle': 1, 'car': 0, 'truck': 0, 'train': 0, 'motorcycle': 0}"
18,IMG_7759_Medium.jpeg,[],"{'bicycle': 0, 'car': 0, 'truck': 0, 'train': 0, 'motorcycle': 0}"
19,IMG_6135.jpeg,"[{'score': 0.9985271692276001, 'label': 'person', 'box': {'xmin': 228, 'ymin': 297, 'xmax': 260, 'ymax': 388}}, {'score': 0.971455454826355, 'label': 'bicycle', 'box': {'xmin': 168, 'ymin': 322, 'xmax': 188, 'ymax': 356}}, {'score': 0.9878444075584412, 'label': 'handbag', 'box': {'xmin': 311, 'ymin': 373, 'xmax': 329, 'ymax': 399}}, {'score': 0.933337926864624, 'label': 'person', 'box': {'xmin': 296, 'ymin': 303, 'xmax': 307, 'ymax': 330}}, {'score': 0.976610004901886, 'label': 'bicycle', 'box': {'xmin': 0, 'ymin': 383, 'xmax': 10, 'ymax': 428}}, {'score': 0.9960904717445374, 'label': 'backpack', 'box': {'xmin': 329, 'ymin': 327, 'xmax': 362, 'ymax': 369}}, {'score': 0.9988729357719421, 'label': 'person', 'box': {'xmin': 189, 'ymin': 285, 'xmax': 228, 'ymax': 399}}, {'score': 0.9985881447792053, 'label': 'person', 'box': {'xmin': 93, 'ymin': 284, 'xmax': 170, 'ymax': 449}}, {'score': 0.998946487903595, 'label': 'dog', 'box': {'xmin': 147, 'ymin': 379, 'xmax': 186, 'ymax': 448}}, {'score': 0.9976970553398132, 'label': 'person', 'box': {'xmin': 44, 'ymin': 295, 'xmax': 110, 'ymax': 440}}, {'score': 0.9969910383224487, 'label': 'person', 'box': {'xmin': 307, 'ymin': 294, 'xmax': 335, 'ymax': 360}}, {'score': 0.9901703000068665, 'label': 'dog', 'box': {'xmin': 368, 'ymin': 390, 'xmax': 393, 'ymax': 421}}, {'score': 0.9917502999305725, 'label': 'person', 'box': {'xmin': 253, 'ymin': 296, 'xmax': 271, 'ymax': 349}}, {'score': 0.9940628409385681, 'label': 'bicycle', 'box': {'xmin': 204, 'ymin': 335, 'xmax': 242, 'ymax': 416}}, {'score': 0.9995017051696777, 'label': 'person', 'box': {'xmin': 314, 'ymin': 306, 'xmax': 370, 'ymax': 434}}]","{'bicycle': 3, 'car': 0, 'truck': 0, 'train': 0, 'motorcycle': 0}"
20,IMG_7762_Medium.jpeg,"[{'score': 0.9991341233253479, 'label': 'car', 'box': {'xmin': 145, 'ymin': 298, 'xmax': 263, 'ymax': 338}}, {'score': 0.9852209687232971, 'label': 'car', 'box': {'xmin': 285, 'ymin': 294, 'xmax': 319, 'ymax': 315}}, {'score': 0.9966397285461426, 'label': 'car', 'box': {'xmin': 251, 'ymin': 295, 'xmax': 299, 'ymax': 321}}, {'score': 0.9990485310554504, 'label': 'car', 'box': {'xmin': 0, 'ymin': 301, 'xmax': 101, 'ymax': 396}}, {'score': 0.9826582074165344, 'label': 'person', 'box': {'xmin': 444, 'ymin': 290, 'xmax': 458, 'ymax': 321}}]","{'bicycle': 0, 'car': 4, 'truck': 0, 'train': 0, 'motorcycle': 0}"
21,IMG_7421.jpeg,"[{'score': 0.9982349872589111, 'label': 'motorcycle', 'box': {'xmin': 34, 'ymin': 107, 'xmax': 447, 'ymax': 486}}]","{'bicycle': 0, 'car': 0, 'truck': 0, 'train': 0, 'motorcycle': 1}"
22,IMG_20231017_184645_Medium.jpeg,"[{'score': 0.929792046546936, 'label': 'person', 'box': {'xmin': 282, 'ymin': 247, 'xmax': 289, 'ymax': 260}}, {'score': 0.9555213451385498, 'label': 'potted plant', 'box': {'xmin': 0, 'ymin': 320, 'xmax': 224, 'ymax': 477}}, {'score': 0.9885392785072327, 'label': 'backpack', 'box': {'xmin': 401, 'ymin': 257, 'xmax': 430, 'ymax': 295}}, {'score': 0.9921138286590576, 'label': 'bicycle', 'box': {'xmin': 372, 'ymin': 264, 'xmax': 431, 'ymax': 349}}, {'score': 0.9703999757766724, 'label': 'bicycle', 'box': {'xmin': 268, 'ymin': 258, 'xmax': 275, 'ymax': 276}}, {'score': 0.994019627571106, 'label': 'backpack', 'box': {'xmin': 348, 'ymin': 241, 'xmax': 372, 'ymax': 274}}, {'score': 0.9269930124282837, 'label': 'person', 'box': {'xmin': 64, 'ymin': 251, 'xmax': 80, 'ymax': 273}}, {'score': 0.9994633793830872, 'label': 'person', 'box': {'xmin': 332, 'ymin': 227, 'xmax': 376, 'ymax': 340}}, {'score': 0.9701622724533081, 'label': 'bicycle', 'box': {'xmin': 334, 'ymin': 287, 'xmax': 370, 'ymax': 362}}, {'score': 0.9652767181396484, 'label': 'person', 'box': {'xmin': 267, 'ymin': 249, 'xmax': 276, 'ymax': 273}}, {'score': 0.9198567867279053, 'label': 'person', 'box': {'xmin': 298, 'ymin': 254, 'xmax': 307, 'ymax': 278}}, {'score': 0.9979724287986755, 'label': 'person', 'box': {'xmin': 390, 'ymin': 242, 'xmax': 429, 'ymax': 329}}]","{'bicycle': 3, 'car': 0, 'truck': 0, 'train': 0, 'motorcycle': 0}"
23,IMG_20231017_183342_Medium.jpeg,"[{'score': 0.9868387579917908, 'label': 'bench', 'box': {'xmin': 281, 'ymin': 198, 'xmax': 318, 'ymax': 214}}, {'score': 0.9793722033500671, 'label': 'bicycle', 'box': {'xmin': 33, 'ymin': 192, 'xmax': 48, 'ymax': 220}}, {'score': 0.9625350832939148, 'label': 'person', 'box': {'xmin': 461, 'ymin': 181, 'xmax': 503, 'ymax': 257}}, {'score': 0.9836926460266113, 'label': 'bicycle', 'box': {'xmin': 201, 'ymin': 188, 'xmax': 226, 'ymax': 207}}, {'score': 0.9309495687484741, 'label': 'bicycle', 'box': {'xmin': 236, 'ymin': 188, 'xmax': 254, 'ymax': 210}}, {'score': 0.9412180781364441, 'label': 'umbrella', 'box': {'xmin': 476, 'ymin': 157, 'xmax': 550, 'ymax': 180}}, {'score': 0.9201530814170837, 'label': 'handbag', 'box': {'xmin': 406, 'ymin': 201, 'xmax': 430, 'ymax': 235}}, {'score': 0.9898340702056885, 'label': 'person', 'box': {'xmin': 67, 'ymin': 172, 'xmax': 78, 'ymax': 206}}, {'score': 0.9970250725746155, 'label': 'person', 'box': {'xmin': 30, 'ymin': 165, 'xmax': 50, 'ymax': 213}}, {'score': 0.9990921020507812, 'label': 'person', 'box': {'xmin': 395, 'ymin': 169, 'xmax': 450, 'ymax': 262}}, {'score': 0.9788647890090942, 'label': 'bench', 'box': {'xmin': 333, 'ymin': 202, 'xmax': 381, 'ymax': 220}}]","{'bicycle': 3, 'car': 0, 'truck': 0, 'train': 0, 'motorcycle': 0}"
24,pix3.jpg,[],"{'bicycle': 0, 'car': 0, 'truck': 0, 'train': 0, 'motorcycle': 0}"
25,D4450F85-601E-49CA-A3BA-2A4382299394.jpeg,"[{'score': 0.9970669150352478, 'label': 'car', 'box': {'xmin': 62, 'ymin': 186, 'xmax': 480, 'ymax': 562}}, {'score': 0.9595432281494141, 'label': 'car', 'box': {'xmin': 328, 'ymin': 193, 'xmax': 480, 'ymax': 343}}]","{'bicycle': 0, 'car': 2, 'truck': 0, 'train': 0, 'motorcycle': 0}"
26,7C226F1A-E079-4A97-A37F-2A57EE9A8C74.jpeg,"[{'score': 0.9966821074485779, 'label': 'car', 'box': {'xmin': 0, 'ymin': 284, 'xmax': 89, 'ymax': 410}}, {'score': 0.9993532299995422, 'label': 'car', 'box': {'xmin': 47, 'ymin': 268, 'xmax': 401, 'ymax': 517}}]","{'bicycle': 0, 'car': 2, 'truck': 0, 'train': 0, 'motorcycle': 0}"
27,IMG_20231017_183303_Medium.jpeg,"[{'score': 0.908031165599823, 'label': 'umbrella', 'box': {'xmin': 63, 'ymin': 238, 'xmax': 139, 'ymax': 261}}, {'score': 0.9952604174613953, 'label': 'bicycle', 'box': {'xmin': 501, 'ymin': 272, 'xmax': 526, 'ymax': 322}}, {'score': 0.9868119359016418, 'label': 'bicycle', 'box': {'xmin': 543, 'ymin': 264, 'xmax': 579, 'ymax': 300}}, {'score': 0.9963006973266602, 'label': 'person', 'box': {'xmin': 619, 'ymin': 238, 'xmax': 640, 'ymax': 292}}, {'score': 0.9959577918052673, 'label': 'person', 'box': {'xmin': 208, 'ymin': 235, 'xmax': 266, 'ymax': 326}}, {'score': 0.9291498064994812, 'label': 'person', 'box': {'xmin': 397, 'ymin': 251, 'xmax': 409, 'ymax': 281}}, {'score': 0.9955461025238037, 'label': 'bicycle', 'box': {'xmin': 584, 'ymin': 260, 'xmax': 639, 'ymax': 307}}, {'score': 0.9987775683403015, 'label': 'person', 'box': {'xmin': 495, 'ymin': 231, 'xmax': 529, 'ymax': 311}}]","{'bicycle': 3, 'car': 0, 'truck': 0, 'train': 0, 'motorcycle': 0}"
28,pix2.jpg,"[{'score': 0.9400564432144165, 'label': 'truck', 'box': {'xmin': 149, 'ymin': 377, 'xmax': 388, 'ymax': 458}}]","{'bicycle': 0, 'car': 0, 'truck': 1, 'train': 0, 'motorcycle': 0}"
29,IMG_6134_2.jpg,"[{'score': 0.9977171421051025, 'label': 'person', 'box': {'xmin': 219, 'ymin': 312, 'xmax': 244, 'ymax': 378}}, {'score': 0.9375743269920349, 'label': 'person', 'box': {'xmin': 280, 'ymin': 314, 'xmax': 291, 'ymax': 342}}, {'score': 0.9975367784500122, 'label': 'person', 'box': {'xmin': 164, 'ymin': 305, 'xmax': 207, 'ymax': 414}}, {'score': 0.9940661191940308, 'label': 'backpack', 'box': {'xmin': 326, 'ymin': 342, 'xmax': 363, 'ymax': 384}}, {'score': 0.9920977354049683, 'label': 'person', 'box': {'xmin': 242, 'ymin': 311, 'xmax': 259, 'ymax': 363}}, {'score': 0.9985886216163635, 'label': 'person', 'box': {'xmin': 120, 'ymin': 313, 'xmax': 161, 'ymax': 411}}, {'score': 0.9278244972229004, 'label': 'person', 'box': {'xmin': 158, 'ymin': 319, 'xmax': 171, 'ymax': 347}}, {'score': 0.9865938425064087, 'label': 'handbag', 'box': {'xmin': 304, 'ymin': 388, 'xmax': 325, 'ymax': 416}}, {'score': 0.9975691437721252, 'label': 'person', 'box': {'xmin': 288, 'ymin': 306, 'xmax': 318, 'ymax': 383}}, {'score': 0.9098120331764221, 'label': 'person', 'box': {'xmin': 152, 'ymin': 319, 'xmax': 165, 'ymax': 347}}, {'score': 0.9064416289329529, 'label': 'person', 'box': {'xmin': 269, 'ymin': 315, 'xmax': 278, 'ymax': 339}}, {'score': 0.9996767044067383, 'label': 'dog', 'box': {'xmin': 202, 'ymin': 371, 'xmax': 240, 'ymax': 416}}, {'score': 0.999605119228363, 'label': 'person', 'box': {'xmin': 309, 'ymin': 322, 'xmax': 367, 'ymax': 457}}]","{'bicycle': 0, 'car': 0, 'truck': 0, 'train': 0, 'motorcycle': 0}"
30,IMG_7761_Medium.jpeg,[],"{'bicycle': 0, 'car': 0, 'truck': 0, 'train': 0, 'motorcycle': 0}"
31,IMG_1718_2.jpg,"[{'score': 0.9986513257026672, 'label': 'bicycle', 'box': {'xmin': 0, 'ymin': 280, 'xmax': 171, 'ymax': 463}}, {'score': 0.912009596824646, 'label': 'bicycle', 'box': {'xmin': 57, 'ymin': 260, 'xmax': 387, 'ymax': 542}}]","{'bicycle': 2, 'car': 0, 'truck': 0, 'train': 0, 'motorcycle': 0}"
32,IMG_7768_Medium.jpeg,"[{'score': 0.996696949005127, 'label': 'person', 'box': {'xmin': 138, 'ymin': 314, 'xmax': 157, 'ymax': 353}}, {'score': 0.9900408387184143, 'label': 'bicycle', 'box': {'xmin': 142, 'ymin': 334, 'xmax': 152, 'ymax': 360}}, {'score': 0.9992584586143494, 'label': 'car', 'box': {'xmin': 239, 'ymin': 313, 'xmax': 360, 'ymax': 349}}, {'score': 0.9957771301269531, 'label': 'car', 'box': {'xmin': 341, 'ymin': 305, 'xmax': 389, 'ymax': 324}}, {'score': 0.9834222197532654, 'label': 'person', 'box': {'xmin': 390, 'ymin': 297, 'xmax': 399, 'ymax': 321}}]","{'bicycle': 1, 'car': 2, 'truck': 0, 'train': 0, 'motorcycle': 0}"
33,16F58D00-B552-47C2-B256-A51AD02A4CB0.jpeg,"[{'score': 0.9983365535736084, 'label': 'bicycle', 'box': {'xmin': 0, 'ymin': 279, 'xmax': 171, 'ymax': 463}}, {'score': 0.9447551965713501, 'label': 'bicycle', 'box': {'xmin': 57, 'ymin': 260, 'xmax': 387, 'ymax': 543}}]","{'bicycle': 2, 'car': 0, 'truck': 0, 'train': 0, 'motorcycle': 0}"
34,IMG_20231017_183738_Medium.jpeg,"[{'score': 0.9680225849151611, 'label': 'bicycle', 'box': {'xmin': 206, 'ymin': 313, 'xmax': 251, 'ymax': 352}}, {'score': 0.9498275518417358, 'label': 'chair', 'box': {'xmin': 24, 'ymin': 340, 'xmax': 54, 'ymax': 402}}, {'score': 0.9759169220924377, 'label': 'chair', 'box': {'xmin': 587, 'ymin': 324, 'xmax': 616, 'ymax': 360}}, {'score': 0.9886151552200317, 'label': 'chair', 'box': {'xmin': 567, 'ymin': 340, 'xmax': 625, 'ymax': 431}}, {'score': 0.9711706638336182, 'label': 'chair', 'box': {'xmin': 605, 'ymin': 346, 'xmax': 640, 'ymax': 441}}, {'score': 0.9828830361366272, 'label': 'chair', 'box': {'xmin': 0, 'ymin': 346, 'xmax': 32, 'ymax': 414}}, {'score': 0.9298160672187805, 'label': 'dining table', 'box': {'xmin': 71, 'ymin': 338, 'xmax': 131, 'ymax': 349}}, {'score': 0.9865171909332275, 'label': 'bench', 'box': {'xmin': 152, 'ymin': 353, 'xmax': 207, 'ymax': 384}}, {'score': 0.9884844422340393, 'label': 'chair', 'box': {'xmin': 50, 'ymin': 337, 'xmax': 86, 'ymax': 402}}, {'score': 0.9491939544677734, 'label': 'dining table', 'box': {'xmin': 66, 'ymin': 341, 'xmax': 130, 'ymax': 395}}, {'score': 0.9980757236480713, 'label': 'person', 'box': {'xmin': 214, 'ymin': 297, 'xmax': 243, 'ymax': 346}}, {'score': 0.9201779365539551, 'label': 'potted plant', 'box': {'xmin': 113, 'ymin': 282, 'xmax': 146, 'ymax': 332}}, {'score': 0.9878921508789062, 'label': 'person', 'box': {'xmin': 61, 'ymin': 301, 'xmax': 79, 'ymax': 331}}, {'score': 0.9613050222396851, 'label': 'chair', 'box': {'xmin': 98, 'ymin': 345, 'xmax': 133, 'ymax': 391}}, {'score': 0.9980358481407166, 'label': 'car', 'box': {'xmin': 273, 'ymin': 288, 'xmax': 408, 'ymax': 341}}, {'score': 0.9986458420753479, 'label': 'car', 'box': {'xmin': 482, 'ymin': 291, 'xmax': 584, 'ymax': 332}}]","{'bicycle': 1, 'car': 2, 'truck': 0, 'train': 0, 'motorcycle': 0}"
35,IMG_6134_1.jpg,"[{'score': 0.9977171421051025, 'label': 'person', 'box': {'xmin': 219, 'ymin': 312, 'xmax': 244, 'ymax': 378}}, {'score': 0.9375743269920349, 'label': 'person', 'box': {'xmin': 280, 'ymin': 314, 'xmax': 291, 'ymax': 342}}, {'score': 0.9975367784500122, 'label': 'person', 'box': {'xmin': 164, 'ymin': 305, 'xmax': 207, 'ymax': 414}}, {'score': 0.9940661191940308, 'label': 'backpack', 'box': {'xmin': 326, 'ymin': 342, 'xmax': 363, 'ymax': 384}}, {'score': 0.9920977354049683, 'label': 'person', 'box': {'xmin': 242, 'ymin': 311, 'xmax': 259, 'ymax': 363}}, {'score': 0.9985886216163635, 'label': 'person', 'box': {'xmin': 120, 'ymin': 313, 'xmax': 161, 'ymax': 411}}, {'score': 0.9278244972229004, 'label': 'person', 'box': {'xmin': 158, 'ymin': 319, 'xmax': 171, 'ymax': 347}}, {'score': 0.9865938425064087, 'label': 'handbag', 'box': {'xmin': 304, 'ymin': 388, 'xmax': 325, 'ymax': 416}}, {'score': 0.9975691437721252, 'label': 'person', 'box': {'xmin': 288, 'ymin': 306, 'xmax': 318, 'ymax': 383}}, {'score': 0.9098120331764221, 'label': 'person', 'box': {'xmin': 152, 'ymin': 319, 'xmax': 165, 'ymax': 347}}, {'score': 0.9064416289329529, 'label': 'person', 'box': {'xmin': 269, 'ymin': 315, 'xmax': 278, 'ymax': 339}}, {'score': 0.9996767044067383, 'label': 'dog', 'box': {'xmin': 202, 'ymin': 371, 'xmax': 240, 'ymax': 416}}, {'score': 0.999605119228363, 'label': 'person', 'box': {'xmin': 309, 'ymin': 322, 'xmax': 367, 'ymax': 457}}]","{'bicycle': 0, 'car': 0, 'truck': 0, 'train': 0, 'motorcycle': 0}"
36,IMG_20231017_183246_Medium.jpeg,"[{'score': 0.9587386846542358, 'label': 'bicycle', 'box': {'xmin': 295, 'ymin': 268, 'xmax': 323, 'ymax': 296}}, {'score': 0.9802337288856506, 'label': 'bicycle', 'box': {'xmin': 95, 'ymin': 273, 'xmax': 126, 'ymax': 308}}, {'score': 0.9770752191543579, 'label': 'bicycle', 'box': {'xmin': 489, 'ymin': 271, 'xmax': 520, 'ymax': 313}}, {'score': 0.9975632429122925, 'label': 'bicycle', 'box': {'xmin': 454, 'ymin': 284, 'xmax': 517, 'ymax': 424}}, {'score': 0.974242627620697, 'label': 'bicycle', 'box': {'xmin': 398, 'ymin': 274, 'xmax': 446, 'ymax': 348}}, {'score': 0.9116005897521973, 'label': 'bicycle', 'box': {'xmin': 285, 'ymin': 267, 'xmax': 312, 'ymax': 296}}, {'score': 0.9125358462333679, 'label': 'bicycle', 'box': {'xmin': 520, 'ymin': 269, 'xmax': 551, 'ymax': 317}}, {'score': 0.9144946336746216, 'label': 'bicycle', 'box': {'xmin': 264, 'ymin': 267, 'xmax': 290, 'ymax': 296}}, {'score': 0.9521282911300659, 'label': 'person', 'box': {'xmin': 378, 'ymin': 241, 'xmax': 399, 'ymax': 290}}, {'score': 0.9936695694923401, 'label': 'bicycle', 'box': {'xmin': 224, 'ymin': 273, 'xmax': 281, 'ymax': 324}}, {'score': 0.9727263450622559, 'label': 'person', 'box': {'xmin': 31, 'ymin': 261, 'xmax': 53, 'ymax': 299}}, {'score': 0.9031540751457214, 'label': 'person', 'box': {'xmin': 244, 'ymin': 253, 'xmax': 263, 'ymax': 275}}, {'score': 0.9834398031234741, 'label': 'bicycle', 'box': {'xmin': 127, 'ymin': 268, 'xmax': 180, 'ymax': 314}}, {'score': 0.953656017780304, 'label': 'bicycle', 'box': {'xmin': 322, 'ymin': 269, 'xmax': 344, 'ymax': 299}}, {'score': 0.9776638150215149, 'label': 'person', 'box': {'xmin': 299, 'ymin': 251, 'xmax': 317, 'ymax': 291}}, {'score': 0.9483556747436523, 'label': 'person', 'box': {'xmin': 226, 'ymin': 254, 'xmax': 238, 'ymax': 269}}, {'score': 0.9786279797554016, 'label': 'bicycle', 'box': {'xmin': 182, 'ymin': 269, 'xmax': 239, 'ymax': 319}}, {'score': 0.9899749159812927, 'label': 'bicycle', 'box': {'xmin': 561, 'ymin': 272, 'xmax': 612, 'ymax': 326}}, {'score': 0.9213842153549194, 'label': 'person', 'box': {'xmin': 377, 'ymin': 242, 'xmax': 400, 'ymax': 318}}, {'score': 0.9733797311782837, 'label': 'person', 'box': {'xmin': 510, 'ymin': 258, 'xmax': 531, 'ymax': 307}}, {'score': 0.9050288200378418, 'label': 'bicycle', 'box': {'xmin': 400, 'ymin': 277, 'xmax': 464, 'ymax': 349}}, {'score': 0.9951783418655396, 'label': 'bicycle', 'box': {'xmin': 339, 'ymin': 273, 'xmax': 392, 'ymax': 343}}, {'score': 0.9968318343162537, 'label': 'person', 'box': {'xmin': 413, 'ymin': 257, 'xmax': 453, 'ymax': 354}}]","{'bicycle': 15, 'car': 0, 'truck': 0, 'train': 0, 'motorcycle': 0}"
37,IMG_1711_Medium.jpeg,"[{'score': 0.9370489120483398, 'label': 'chair', 'box': {'xmin': 0, 'ymin': 310, 'xmax': 89, 'ymax': 609}}, {'score': 0.9993801116943359, 'label': 'bicycle', 'box': {'xmin': 31, 'ymin': 227, 'xmax': 378, 'ymax': 495}}]","{'bicycle': 1, 'car': 0, 'truck': 0, 'train': 0, 'motorcycle': 0}"
38,IMG_6133.jpeg,"[{'score': 0.9982097148895264, 'label': 'bicycle', 'box': {'xmin': 87, 'ymin': 249, 'xmax': 415, 'ymax': 539}}, {'score': 0.9005962014198303, 'label': 'book', 'box': {'xmin': 66, 'ymin': 215, 'xmax': 79, 'ymax': 234}}, {'score': 0.9737749695777893, 'label': 'potted plant', 'box': {'xmin': 183, 'ymin': 225, 'xmax': 258, 'ymax': 388}}, {'score': 0.992760419845581, 'label': 'handbag', 'box': {'xmin': 120, 'ymin': 280, 'xmax': 223, 'ymax': 406}}]","{'bicycle': 1, 'car': 0, 'truck': 0, 'train': 0, 'motorcycle': 0}"
39,IMG_20230917_152527_Medium.jpeg,"[{'score': 0.9272269010543823, 'label': 'bicycle', 'box': {'xmin': 0, 'ymin': 1, 'xmax': 206, 'ymax': 247}}, {'score': 0.9303580522537231, 'label': 'bicycle', 'box': {'xmin': 627, 'ymin': 293, 'xmax': 639, 'ymax': 350}}, {'score': 0.9090774655342102, 'label': 'bicycle', 'box': {'xmin': 0, 'ymin': 17, 'xmax': 112, 'ymax': 240}}, {'score': 0.979844331741333, 'label': 'bicycle', 'box': {'xmin': 143, 'ymin': 44, 'xmax': 306, 'ymax': 239}}, {'score': 0.9208959341049194, 'label': 'bicycle', 'box': {'xmin': 213, 'ymin': 99, 'xmax': 339, 'ymax': 246}}, {'score': 0.9700003862380981, 'label': 'bicycle', 'box': {'xmin': 0, 'ymin': 273, 'xmax': 217, 'ymax': 478}}, {'score': 0.9163492321968079, 'label': 'bicycle', 'box': {'xmin': 382, 'ymin': 248, 'xmax': 470, 'ymax': 339}}, {'score': 0.902877926826477, 'label': 'bicycle', 'box': {'xmin': 290, 'ymin': 254, 'xmax': 408, 'ymax': 397}}, {'score': 0.9871500730514526, 'label': 'person', 'box': {'xmin': 479, 'ymin': 222, 'xmax': 497, 'ymax': 283}}, {'score': 0.9341732859611511, 'label': 'bicycle', 'box': {'xmin': 342, 'ymin': 121, 'xmax': 423, 'ymax': 230}}]","{'bicycle': 9, 'car': 0, 'truck': 0, 'train': 0, 'motorcycle': 0}"
40,E0B57B3C-11D5-4B24-933F-4905ED4D3825.jpeg,"[{'score': 0.9209966659545898, 'label': 'bicycle', 'box': {'xmin': 74, 'ymin': 552, 'xmax': 300, 'ymax': 639}}, {'score': 0.9988846182823181, 'label': 'car', 'box': {'xmin': 49, 'ymin': 388, 'xmax': 449, 'ymax': 637}}, {'score': 0.9207630157470703, 'label': 'truck', 'box': {'xmin': 128, 'ymin': 338, 'xmax': 431, 'ymax': 496}}, {'score': 0.9283507466316223, 'label': 'truck', 'box': {'xmin': 124, 'ymin': 341, 'xmax': 431, 'ymax': 496}}]","{'bicycle': 1, 'car': 1, 'truck': 2, 'train': 0, 'motorcycle': 0}"
41,IMG_20231017_183351_Medium.jpeg,"[{'score': 0.9531481266021729, 'label': 'bicycle', 'box': {'xmin': 434, 'ymin': 152, 'xmax': 464, 'ymax': 175}}, {'score': 0.9178166389465332, 'label': 'bicycle', 'box': {'xmin': 466, 'ymin': 150, 'xmax': 488, 'ymax': 176}}, {'score': 0.9929568767547607, 'label': 'person', 'box': {'xmin': 262, 'ymin': 75, 'xmax': 402, 'ymax': 328}}, {'score': 0.9993306398391724, 'label': 'bicycle', 'box': {'xmin': 204, 'ymin': 182, 'xmax': 502, 'ymax': 366}}]","{'bicycle': 3, 'car': 0, 'truck': 0, 'train': 0, 'motorcycle': 0}"
42,IMG_20231017_184441_Medium.jpeg,"[{'score': 0.9433555603027344, 'label': 'bicycle', 'box': {'xmin': 195, 'ymin': 173, 'xmax': 379, 'ymax': 292}}, {'score': 0.9960455298423767, 'label': 'bicycle', 'box': {'xmin': 422, 'ymin': 195, 'xmax': 554, 'ymax': 449}}, {'score': 0.9512378573417664, 'label': 'bicycle', 'box': {'xmin': 174, 'ymin': 174, 'xmax': 300, 'ymax': 277}}, {'score': 0.9400776624679565, 'label': 'bicycle', 'box': {'xmin': 195, 'ymin': 174, 'xmax': 328, 'ymax': 289}}, {'score': 0.9678693413734436, 'label': 'bicycle', 'box': {'xmin': 140, 'ymin': 191, 'xmax': 222, 'ymax': 267}}, {'score': 0.9926514029502869, 'label': 'person', 'box': {'xmin': 442, 'ymin': 157, 'xmax': 480, 'ymax': 220}}]","{'bicycle': 5, 'car': 0, 'truck': 0, 'train': 0, 'motorcycle': 0}"
43,IMG_20231017_183504_Medium.jpeg,"[{'score': 0.9768456220626831, 'label': 'person', 'box': {'xmin': 85, 'ymin': 191, 'xmax': 106, 'ymax': 259}}, {'score': 0.9758062362670898, 'label': 'person', 'box': {'xmin': 69, 'ymin': 175, 'xmax': 92, 'ymax': 254}}, {'score': 0.9585994482040405, 'label': 'person', 'box': {'xmin': 53, 'ymin': 188, 'xmax': 73, 'ymax': 262}}, {'score': 0.9642088413238525, 'label': 'person', 'box': {'xmin': 119, 'ymin': 193, 'xmax': 144, 'ymax': 260}}, {'score': 0.9884489178657532, 'label': 'person', 'box': {'xmin': 284, 'ymin': 190, 'xmax': 302, 'ymax': 255}}, {'score': 0.9895853400230408, 'label': 'person', 'box': {'xmin': 265, 'ymin': 189, 'xmax': 285, 'ymax': 255}}, {'score': 0.9758039712905884, 'label': 'person', 'box': {'xmin': 163, 'ymin': 183, 'xmax': 186, 'ymax': 245}}, {'score': 0.985024094581604, 'label': 'person', 'box': {'xmin': 103, 'ymin': 176, 'xmax': 127, 'ymax': 247}}, {'score': 0.9916533827781677, 'label': 'person', 'box': {'xmin': 239, 'ymin': 189, 'xmax': 261, 'ymax': 255}}, {'score': 0.9975638389587402, 'label': 'bicycle', 'box': {'xmin': 292, 'ymin': 257, 'xmax': 428, 'ymax': 317}}]","{'bicycle': 1, 'car': 0, 'truck': 0, 'train': 0, 'motorcycle': 0}"
44,F0A35D44-E20C-4CBA-B289-AD28822847F3.jpeg,"[{'score': 0.967383861541748, 'label': 'motorcycle', 'box': {'xmin': 192, 'ymin': 216, 'xmax': 267, 'ymax': 303}}, {'score': 0.9729242324829102, 'label': 'bicycle', 'box': {'xmin': 317, 'ymin': 185, 'xmax': 333, 'ymax': 210}}, {'score': 0.9992069602012634, 'label': 'person', 'box': {'xmin': 441, 'ymin': 126, 'xmax': 472, 'ymax': 200}}, {'score': 0.9911605715751648, 'label': 'person', 'box': {'xmin': 149, 'ymin': 211, 'xmax': 165, 'ymax': 251}}, {'score': 0.9018617868423462, 'label': 'person', 'box': {'xmin': 265, 'ymin': 181, 'xmax': 280, 'ymax': 201}}, {'score': 0.93937087059021, 'label': 'handbag', 'box': {'xmin': 438, 'ymin': 141, 'xmax': 450, 'ymax': 167}}, {'score': 0.9978524446487427, 'label': 'motorcycle', 'box': {'xmin': 31, 'ymin': 224, 'xmax': 375, 'ymax': 624}}, {'score': 0.9671794176101685, 'label': 'person', 'box': {'xmin': 239, 'ymin': 200, 'xmax': 253, 'ymax': 228}}, {'score': 0.9990401864051819, 'label': 'person', 'box': {'xmin': 298, 'ymin': 166, 'xmax': 325, 'ymax': 228}}, {'score': 0.9047027230262756, 'label': 'person', 'box': {'xmin': 293, 'ymin': 169, 'xmax': 302, 'ymax': 184}}]","{'bicycle': 1, 'car': 0, 'truck': 0, 'train': 0, 'motorcycle': 2}"
45,IMG_7756_Medium.jpeg,"[{'score': 0.9487407207489014, 'label': 'bicycle', 'box': {'xmin': 127, 'ymin': 355, 'xmax': 268, 'ymax': 495}}, {'score': 0.9666943550109863, 'label': 'bicycle', 'box': {'xmin': 0, 'ymin': 456, 'xmax': 97, 'ymax': 639}}, {'score': 0.947931706905365, 'label': 'bicycle', 'box': {'xmin': 377, 'ymin': 331, 'xmax': 419, 'ymax': 377}}, {'score': 0.983281672000885, 'label': 'bicycle', 'box': {'xmin': 0, 'ymin': 368, 'xmax': 191, 'ymax': 551}}]","{'bicycle': 4, 'car': 0, 'truck': 0, 'train': 0, 'motorcycle': 0}"
46,77E47D55-D6DF-4E4B-BE37-AF7982C1DAF2.jpeg,"[{'score': 0.9983365535736084, 'label': 'bicycle', 'box': {'xmin': 0, 'ymin': 279, 'xmax': 171, 'ymax': 463}}, {'score': 0.9447551965713501, 'label': 'bicycle', 'box': {'xmin': 57, 'ymin': 260, 'xmax': 387, 'ymax': 543}}]","{'bicycle': 2, 'car': 0, 'truck': 0, 'train': 0, 'motorcycle': 0}"
47,IMG_20231017_183852_Medium.jpeg,"[{'score': 0.978621244430542, 'label': 'backpack', 'box': {'xmin': 349, 'ymin': 225, 'xmax': 365, 'ymax': 249}}, {'score': 0.9119085073471069, 'label': 'person', 'box': {'xmin': 3, 'ymin': 244, 'xmax': 17, 'ymax': 265}}, {'score': 0.9941243529319763, 'label': 'person', 'box': {'xmin': 345, 'ymin': 209, 'xmax': 369, 'ymax': 274}}, {'score': 0.9764633178710938, 'label': 'traffic light', 'box': {'xmin': 512, 'ymin': 209, 'xmax': 537, 'ymax': 224}}, {'score': 0.9989380240440369, 'label': 'bicycle', 'box': {'xmin': 316, 'ymin': 250, 'xmax': 453, 'ymax': 368}}, {'score': 0.9992196559906006, 'label': 'person', 'box': {'xmin': 361, 'ymin': 193, 'xmax': 426, 'ymax': 342}}]","{'bicycle': 1, 'car': 0, 'truck': 0, 'train': 0, 'motorcycle': 0}"
48,IMG_20231017_183548_Medium.jpeg,"[{'score': 0.9240874648094177, 'label': 'person', 'box': {'xmin': 138, 'ymin': 63, 'xmax': 153, 'ymax': 87}}, {'score': 0.9985583424568176, 'label': 'bicycle', 'box': {'xmin': 528, 'ymin': 89, 'xmax': 637, 'ymax': 342}}, {'score': 0.9967468976974487, 'label': 'person', 'box': {'xmin': 114, 'ymin': 65, 'xmax': 144, 'ymax': 119}}, {'score': 0.9502565264701843, 'label': 'bench', 'box': {'xmin': 352, 'ymin': 69, 'xmax': 426, 'ymax': 104}}, {'score': 0.9849563241004944, 'label': 'person', 'box': {'xmin': 574, 'ymin': 0, 'xmax': 639, 'ymax': 133}}, {'score': 0.9243021011352539, 'label': 'bicycle', 'box': {'xmin': 154, 'ymin': 93, 'xmax': 291, 'ymax': 276}}, {'score': 0.9381029009819031, 'label': 'person', 'box': {'xmin': 157, 'ymin': 41, 'xmax': 174, 'ymax': 62}}, {'score': 0.9661229848861694, 'label': 'bench', 'box': {'xmin': 467, 'ymin': 63, 'xmax': 555, 'ymax': 110}}, {'score': 0.9970422387123108, 'label': 'bench', 'box': {'xmin': 238, 'ymin': 74, 'xmax': 317, 'ymax': 116}}, {'score': 0.9898724555969238, 'label': 'person', 'box': {'xmin': 142, 'ymin': 63, 'xmax': 174, 'ymax': 109}}, {'score': 0.9825142025947571, 'label': 'bicycle', 'box': {'xmin': 0, 'ymin': 102, 'xmax': 154, 'ymax': 335}}, {'score': 0.9800536036491394, 'label': 'backpack', 'box': {'xmin': 617, 'ymin': 39, 'xmax': 640, 'ymax': 102}}, {'score': 0.9445204138755798, 'label': 'bicycle', 'box': {'xmin': 229, 'ymin': 101, 'xmax': 365, 'ymax': 399}}, {'score': 0.9842193722724915, 'label': 'person', 'box': {'xmin': 161, 'ymin': 58, 'xmax': 187, 'ymax': 102}}, {'score': 0.9693239331245422, 'label': 'bicycle', 'box': {'xmin': 364, 'ymin': 77, 'xmax': 487, 'ymax': 417}}]","{'bicycle': 5, 'car': 0, 'truck': 0, 'train': 0, 'motorcycle': 0}"
49,5503FCA3-0926-4CDC-895D-BEE5238DDCDF.jpeg,"[{'score': 0.9951397180557251, 'label': 'car', 'box': {'xmin': 205, 'ymin': 194, 'xmax': 480, 'ymax': 634}}]","{'bicycle': 0, 'car': 1, 'truck': 0, 'train': 0, 'motorcycle': 0}"
50,IMG_7763_Medium.jpeg,"[{'score': 0.9182460308074951, 'label': 'bicycle', 'box': {'xmin': 149, 'ymin': 285, 'xmax': 238, 'ymax': 327}}, {'score': 0.9844376444816589, 'label': 'person', 'box': {'xmin': 422, 'ymin': 257, 'xmax': 446, 'ymax': 297}}, {'score': 0.9951935410499573, 'label': 'person', 'box': {'xmin': 392, 'ymin': 256, 'xmax': 415, 'ymax': 299}}]","{'bicycle': 1, 'car': 0, 'truck': 0, 'train': 0, 'motorcycle': 0}"
51,IMG_6805.jpeg,"[{'score': 0.9865381717681885, 'label': 'person', 'box': {'xmin': 144, 'ymin': 252, 'xmax': 151, 'ymax': 270}}, {'score': 0.9959748387336731, 'label': 'bicycle', 'box': {'xmin': 62, 'ymin': 291, 'xmax': 118, 'ymax': 377}}, {'score': 0.9988170862197876, 'label': 'person', 'box': {'xmin': 62, 'ymin': 228, 'xmax': 119, 'ymax': 349}}, {'score': 0.9728888869285583, 'label': 'backpack', 'box': {'xmin': 64, 'ymin': 248, 'xmax': 96, 'ymax': 295}}, {'score': 0.9399784207344055, 'label': 'bicycle', 'box': {'xmin': 0, 'ymin': 503, 'xmax': 359, 'ymax': 638}}, {'score': 0.9976529479026794, 'label': 'bicycle', 'box': {'xmin': 165, 'ymin': 274, 'xmax': 179, 'ymax': 311}}, {'score': 0.9985200762748718, 'label': 'person', 'box': {'xmin': 161, 'ymin': 242, 'xmax': 181, 'ymax': 301}}, {'score': 0.9298726320266724, 'label': 'backpack', 'box': {'xmin': 164, 'ymin': 252, 'xmax': 178, 'ymax': 274}}]","{'bicycle': 3, 'car': 0, 'truck': 0, 'train': 0, 'motorcycle': 0}"
52,2DB11476-B416-45A2-934F-179DDF333789.jpeg,[],"{'bicycle': 0, 'car': 0, 'truck': 0, 'train': 0, 'motorcycle': 0}"
53,IMG_7758_Medium.jpeg,"[{'score': 0.9940746426582336, 'label': 'car', 'box': {'xmin': 205, 'ymin': 297, 'xmax': 246, 'ymax': 326}}, {'score': 0.9341075420379639, 'label': 'car', 'box': {'xmin': 321, 'ymin': 292, 'xmax': 335, 'ymax': 305}}]","{'bicycle': 0, 'car': 2, 'truck': 0, 'train': 0, 'motorcycle': 0}"
54,IMG_20231017_184138_Medium.jpeg,"[{'score': 0.9692849516868591, 'label': 'motorcycle', 'box': {'xmin': 263, 'ymin': 306, 'xmax': 293, 'ymax': 347}}, {'score': 0.96794193983078, 'label': 'bicycle', 'box': {'xmin': 328, 'ymin': 302, 'xmax': 369, 'ymax': 337}}, {'score': 0.9488989114761353, 'label': 'bicycle', 'box': {'xmin': 471, 'ymin': 295, 'xmax': 487, 'ymax': 320}}, {'score': 0.9819005131721497, 'label': 'bicycle', 'box': {'xmin': 115, 'ymin': 303, 'xmax': 146, 'ymax': 330}}, {'score': 0.9797706007957458, 'label': 'person', 'box': {'xmin': 547, 'ymin': 273, 'xmax': 558, 'ymax': 302}}, {'score': 0.9861556887626648, 'label': 'person', 'box': {'xmin': 513, 'ymin': 275, 'xmax': 527, 'ymax': 308}}, {'score': 0.9857248067855835, 'label': 'bicycle', 'box': {'xmin': 630, 'ymin': 331, 'xmax': 639, 'ymax': 373}}, {'score': 0.9710391163825989, 'label': 'person', 'box': {'xmin': 496, 'ymin': 275, 'xmax': 510, 'ymax': 307}}, {'score': 0.961217999458313, 'label': 'person', 'box': {'xmin': 303, 'ymin': 300, 'xmax': 323, 'ymax': 341}}, {'score': 0.9573244452476501, 'label': 'person', 'box': {'xmin': 401, 'ymin': 296, 'xmax': 421, 'ymax': 331}}, {'score': 0.993523359298706, 'label': 'motorcycle', 'box': {'xmin': 400, 'ymin': 304, 'xmax': 425, 'ymax': 341}}, {'score': 0.9136883020401001, 'label': 'person', 'box': {'xmin': 463, 'ymin': 278, 'xmax': 475, 'ymax': 299}}]","{'bicycle': 4, 'car': 0, 'truck': 0, 'train': 0, 'motorcycle': 2}"
55,EB5386D7-8625-4932-BE2B-EC258FC3BACF.jpeg,"[{'score': 0.9075732827186584, 'label': 'person', 'box': {'xmin': 264, 'ymin': 185, 'xmax': 280, 'ymax': 220}}, {'score': 0.9982637763023376, 'label': 'motorcycle', 'box': {'xmin': 34, 'ymin': 224, 'xmax': 372, 'ymax': 624}}, {'score': 0.9984375834465027, 'label': 'person', 'box': {'xmin': 299, 'ymin': 167, 'xmax': 322, 'ymax': 226}}]","{'bicycle': 0, 'car': 0, 'truck': 0, 'train': 0, 'motorcycle': 1}"
56,IMG_20231017_183631_Medium.jpeg,"[{'score': 0.9237345457077026, 'label': 'person', 'box': {'xmin': 496, 'ymin': 266, 'xmax': 505, 'ymax': 291}}, {'score': 0.9831255078315735, 'label': 'person', 'box': {'xmin': 506, 'ymin': 267, 'xmax': 518, 'ymax': 298}}, {'score': 0.935435950756073, 'label': 'person', 'box': {'xmin': 468, 'ymin': 267, 'xmax': 477, 'ymax': 292}}, {'score': 0.995851993560791, 'label': 'backpack', 'box': {'xmin': 243, 'ymin': 268, 'xmax': 275, 'ymax': 316}}, {'score': 0.900920033454895, 'label': 'bicycle', 'box': {'xmin': 595, 'ymin': 272, 'xmax': 638, 'ymax': 296}}, {'score': 0.9340639710426331, 'label': 'person', 'box': {'xmin': 491, 'ymin': 266, 'xmax': 500, 'ymax': 291}}, {'score': 0.9945819973945618, 'label': 'bicycle', 'box': {'xmin': 164, 'ymin': 282, 'xmax': 211, 'ymax': 327}}, {'score': 0.9989206790924072, 'label': 'person', 'box': {'xmin': 245, 'ymin': 243, 'xmax': 296, 'ymax': 397}}, {'score': 0.9995725750923157, 'label': 'person', 'box': {'xmin': 302, 'ymin': 252, 'xmax': 381, 'ymax': 413}}, {'score': 0.9923267960548401, 'label': 'backpack', 'box': {'xmin': 302, 'ymin': 273, 'xmax': 339, 'ymax': 316}}, {'score': 0.9384211897850037, 'label': 'bicycle', 'box': {'xmin': 624, 'ymin': 276, 'xmax': 640, 'ymax': 298}}, {'score': 0.9275397062301636, 'label': 'bicycle', 'box': {'xmin': 591, 'ymin': 273, 'xmax': 619, 'ymax': 294}}, {'score': 0.991975724697113, 'label': 'person', 'box': {'xmin': 455, 'ymin': 269, 'xmax': 464, 'ymax': 292}}, {'score': 0.998870313167572, 'label': 'bicycle', 'box': {'xmin': 324, 'ymin': 300, 'xmax': 390, 'ymax': 414}}]","{'bicycle': 5, 'car': 0, 'truck': 0, 'train': 0, 'motorcycle': 0}"
57,blur3.jpg,"[{'score': 0.9991207718849182, 'label': 'car', 'box': {'xmin': 137, 'ymin': 345, 'xmax': 393, 'ymax': 467}}]","{'bicycle': 0, 'car': 1, 'truck': 0, 'train': 0, 'motorcycle': 0}"
58,blur2.jpg,"[{'score': 0.9831152558326721, 'label': 'car', 'box': {'xmin': 0, 'ymin': 277, 'xmax': 86, 'ymax': 418}}, {'score': 0.9993645548820496, 'label': 'car', 'box': {'xmin': 39, 'ymin': 256, 'xmax': 412, 'ymax': 524}}]","{'bicycle': 0, 'car': 2, 'truck': 0, 'train': 0, 'motorcycle': 0}"
59,IMG_20231017_183950_Medium.jpeg,"[{'score': 0.98127281665802, 'label': 'person', 'box': {'xmin': 151, 'ymin': 248, 'xmax': 164, 'ymax': 287}}, {'score': 0.9770948886871338, 'label': 'handbag', 'box': {'xmin': 63, 'ymin': 260, 'xmax': 93, 'ymax': 294}}, {'score': 0.9592724442481995, 'label': 'traffic light', 'box': {'xmin': 441, 'ymin': 191, 'xmax': 453, 'ymax': 211}}, {'score': 0.9953153133392334, 'label': 'car', 'box': {'xmin': 573, 'ymin': 256, 'xmax': 639, 'ymax': 287}}, {'score': 0.9988129138946533, 'label': 'person', 'box': {'xmin': 120, 'ymin': 216, 'xmax': 157, 'ymax': 293}}, {'score': 0.9965816140174866, 'label': 'motorcycle', 'box': {'xmin': 227, 'ymin': 240, 'xmax': 273, 'ymax': 294}}, {'score': 0.9973111152648926, 'label': 'person', 'box': {'xmin': 226, 'ymin': 221, 'xmax': 266, 'ymax': 290}}, {'score': 0.9994671940803528, 'label': 'person', 'box': {'xmin': 40, 'ymin': 207, 'xmax': 96, 'ymax': 363}}, {'score': 0.9847479462623596, 'label': 'stop sign', 'box': {'xmin': 491, 'ymin': 214, 'xmax': 506, 'ymax': 230}}]","{'bicycle': 0, 'car': 1, 'truck': 0, 'train': 0, 'motorcycle': 1}"
60,IMG_6385.jpg,"[{'score': 0.9806897044181824, 'label': 'person', 'box': {'xmin': 243, 'ymin': 445, 'xmax': 251, 'ymax': 466}}, {'score': 0.9257281422615051, 'label': 'car', 'box': {'xmin': 117, 'ymin': 430, 'xmax': 150, 'ymax': 450}}, {'score': 0.9898526072502136, 'label': 'bicycle', 'box': {'xmin': 242, 'ymin': 452, 'xmax': 251, 'ymax': 469}}, {'score': 0.9827942848205566, 'label': 'bicycle', 'box': {'xmin': 0, 'ymin': 433, 'xmax': 24, 'ymax': 457}}, {'score': 0.9691082835197449, 'label': 'car', 'box': {'xmin': 283, 'ymin': 454, 'xmax': 326, 'ymax': 496}}, {'score': 0.9959635734558105, 'label': 'car', 'box': {'xmin': 265, 'ymin': 447, 'xmax': 287, 'ymax': 465}}, {'score': 0.920390248298645, 'label': 'car', 'box': {'xmin': 290, 'ymin': 453, 'xmax': 325, 'ymax': 467}}, {'score': 0.9985281229019165, 'label': 'car', 'box': {'xmin': 293, 'ymin': 461, 'xmax': 365, 'ymax': 515}}]","{'bicycle': 2, 'car': 5, 'truck': 0, 'train': 0, 'motorcycle': 0}"
61,IMG_20231017_184014_Medium.jpeg,"[{'score': 0.9912801384925842, 'label': 'stop sign', 'box': {'xmin': 88, 'ymin': 258, 'xmax': 101, 'ymax': 277}}, {'score': 0.9052961468696594, 'label': 'car', 'box': {'xmin': 626, 'ymin': 280, 'xmax': 638, 'ymax': 294}}, {'score': 0.9857226014137268, 'label': 'car', 'box': {'xmin': 479, 'ymin': 282, 'xmax': 499, 'ymax': 297}}, {'score': 0.9971948862075806, 'label': 'car', 'box': {'xmin': 219, 'ymin': 294, 'xmax': 296, 'ymax': 329}}, {'score': 0.969871997833252, 'label': 'car', 'box': {'xmin': 587, 'ymin': 288, 'xmax': 614, 'ymax': 307}}, {'score': 0.9853272438049316, 'label': 'car', 'box': {'xmin': 498, 'ymin': 282, 'xmax': 518, 'ymax': 296}}, {'score': 0.9968523383140564, 'label': 'car', 'box': {'xmin': 385, 'ymin': 286, 'xmax': 423, 'ymax': 306}}, {'score': 0.9170909523963928, 'label': 'car', 'box': {'xmin': 617, 'ymin': 282, 'xmax': 631, 'ymax': 299}}, {'score': 0.9957478642463684, 'label': 'car', 'box': {'xmin': 297, 'ymin': 292, 'xmax': 351, 'ymax': 316}}, {'score': 0.996077835559845, 'label': 'car', 'box': {'xmin': 426, 'ymin': 284, 'xmax': 462, 'ymax': 304}}, {'score': 0.9942177534103394, 'label': 'bicycle', 'box': {'xmin': 364, 'ymin': 316, 'xmax': 415, 'ymax': 372}}, {'score': 0.9965261816978455, 'label': 'car', 'box': {'xmin': 508, 'ymin': 289, 'xmax': 588, 'ymax': 337}}]","{'bicycle': 1, 'car': 10, 'truck': 0, 'train': 0, 'motorcycle': 0}"
62,IMG_20231017_184311_Medium.jpeg,"[{'score': 0.9235372543334961, 'label': 'bicycle', 'box': {'xmin': 203, 'ymin': 218, 'xmax': 247, 'ymax': 268}}, {'score': 0.9939471483230591, 'label': 'bicycle', 'box': {'xmin': 498, 'ymin': 202, 'xmax': 562, 'ymax': 252}}, {'score': 0.9022312760353088, 'label': 'bicycle', 'box': {'xmin': 425, 'ymin': 275, 'xmax': 523, 'ymax': 342}}, {'score': 0.9329774975776672, 'label': 'bicycle', 'box': {'xmin': 197, 'ymin': 226, 'xmax': 221, 'ymax': 263}}, {'score': 0.9827015995979309, 'label': 'bicycle', 'box': {'xmin': 173, 'ymin': 233, 'xmax': 534, 'ymax': 474}}]","{'bicycle': 5, 'car': 0, 'truck': 0, 'train': 0, 'motorcycle': 0}"
63,IMG_7766_Medium.jpeg,"[{'score': 0.9468067288398743, 'label': 'person', 'box': {'xmin': 157, 'ymin': 272, 'xmax': 164, 'ymax': 290}}, {'score': 0.9687961339950562, 'label': 'bicycle', 'box': {'xmin': 111, 'ymin': 277, 'xmax': 119, 'ymax': 305}}, {'score': 0.9959176182746887, 'label': 'bicycle', 'box': {'xmin': 27, 'ymin': 313, 'xmax': 43, 'ymax': 375}}, {'score': 0.9690603613853455, 'label': 'person', 'box': {'xmin': 110, 'ymin': 270, 'xmax': 121, 'ymax': 300}}, {'score': 0.9913227558135986, 'label': 'backpack', 'box': {'xmin': 14, 'ymin': 264, 'xmax': 51, 'ymax': 301}}, {'score': 0.9984460473060608, 'label': 'person', 'box': {'xmin': 7, 'ymin': 245, 'xmax': 60, 'ymax': 360}}, {'score': 0.9989101886749268, 'label': 'car', 'box': {'xmin': 175, 'ymin': 273, 'xmax': 265, 'ymax': 314}}, {'score': 0.9938726425170898, 'label': 'car', 'box': {'xmin': 315, 'ymin': 273, 'xmax': 334, 'ymax': 288}}]","{'bicycle': 2, 'car': 2, 'truck': 0, 'train': 0, 'motorcycle': 0}"
64,IMG_20231017_183718_Medium.jpeg,"[{'score': 0.9773170351982117, 'label': 'chair', 'box': {'xmin': 574, 'ymin': 315, 'xmax': 626, 'ymax': 403}}, {'score': 0.9873544573783875, 'label': 'chair', 'box': {'xmin': 609, 'ymin': 320, 'xmax': 640, 'ymax': 418}}, {'score': 0.9870575070381165, 'label': 'bicycle', 'box': {'xmin': 221, 'ymin': 269, 'xmax': 262, 'ymax': 309}}, {'score': 0.9906960725784302, 'label': 'bench', 'box': {'xmin': 166, 'ymin': 308, 'xmax': 212, 'ymax': 337}}, {'score': 0.9967139959335327, 'label': 'person', 'box': {'xmin': 0, 'ymin': 207, 'xmax': 74, 'ymax': 479}}, {'score': 0.9966887831687927, 'label': 'person', 'box': {'xmin': 223, 'ymin': 249, 'xmax': 243, 'ymax': 291}}, {'score': 0.9976487755775452, 'label': 'person', 'box': {'xmin': 33, 'ymin': 199, 'xmax': 130, 'ymax': 479}}]","{'bicycle': 1, 'car': 0, 'truck': 0, 'train': 0, 'motorcycle': 0}"
65,IMG_20231017_183552_Medium.jpeg,"[{'score': 0.9946879148483276, 'label': 'bicycle', 'box': {'xmin': 487, 'ymin': 287, 'xmax': 540, 'ymax': 377}}, {'score': 0.9338895678520203, 'label': 'bicycle', 'box': {'xmin': 476, 'ymin': 288, 'xmax': 505, 'ymax': 365}}, {'score': 0.9945585131645203, 'label': 'bicycle', 'box': {'xmin': 440, 'ymin': 286, 'xmax': 476, 'ymax': 358}}]","{'bicycle': 3, 'car': 0, 'truck': 0, 'train': 0, 'motorcycle': 0}"
66,IMG_7762_2_Medium.jpeg,"[{'score': 0.9362943172454834, 'label': 'car', 'box': {'xmin': 242, 'ymin': 295, 'xmax': 298, 'ymax': 312}}, {'score': 0.988556981086731, 'label': 'car', 'box': {'xmin': 0, 'ymin': 298, 'xmax': 102, 'ymax': 383}}]","{'bicycle': 0, 'car': 2, 'truck': 0, 'train': 0, 'motorcycle': 0}"
67,IMG_6136.jpeg,"[{'score': 0.9040003418922424, 'label': 'bicycle', 'box': {'xmin': 0, 'ymin': 435, 'xmax': 76, 'ymax': 600}}, {'score': 0.9551212191581726, 'label': 'bicycle', 'box': {'xmin': 310, 'ymin': 354, 'xmax': 335, 'ymax': 392}}, {'score': 0.9898167848587036, 'label': 'bicycle', 'box': {'xmin': 284, 'ymin': 349, 'xmax': 323, 'ymax': 395}}, {'score': 0.9709423780441284, 'label': 'bicycle', 'box': {'xmin': 140, 'ymin': 341, 'xmax': 178, 'ymax': 376}}, {'score': 0.9890544414520264, 'label': 'bicycle', 'box': {'xmin': 169, 'ymin': 344, 'xmax': 201, 'ymax': 382}}, {'score': 0.9935222268104553, 'label': 'person', 'box': {'xmin': 459, 'ymin': 335, 'xmax': 479, 'ymax': 393}}, {'score': 0.9771795868873596, 'label': 'bicycle', 'box': {'xmin': 84, 'ymin': 342, 'xmax': 114, 'ymax': 376}}, {'score': 0.9656155109405518, 'label': 'bicycle', 'box': {'xmin': 249, 'ymin': 345, 'xmax': 281, 'ymax': 390}}, {'score': 0.9385963082313538, 'label': 'person', 'box': {'xmin': 81, 'ymin': 327, 'xmax': 96, 'ymax': 345}}, {'score': 0.917003333568573, 'label': 'person', 'box': {'xmin': 134, 'ymin': 327, 'xmax': 147, 'ymax': 352}}, {'score': 0.9356761574745178, 'label': 'bicycle', 'box': {'xmin': 233, 'ymin': 344, 'xmax': 264, 'ymax': 389}}, {'score': 0.9328340291976929, 'label': 'bicycle', 'box': {'xmin': 264, 'ymin': 347, 'xmax': 295, 'ymax': 391}}]","{'bicycle': 9, 'car': 0, 'truck': 0, 'train': 0, 'motorcycle': 0}"
68,IMG_20231017_184632_Medium.jpeg,"[{'score': 0.9631026983261108, 'label': 'bicycle', 'box': {'xmin': 511, 'ymin': 332, 'xmax': 639, 'ymax': 475}}, {'score': 0.9300349354743958, 'label': 'bicycle', 'box': {'xmin': 483, 'ymin': 314, 'xmax': 583, 'ymax': 397}}, {'score': 0.9669144153594971, 'label': 'bicycle', 'box': {'xmin': 528, 'ymin': 409, 'xmax': 639, 'ymax': 479}}, {'score': 0.997638463973999, 'label': 'person', 'box': {'xmin': 360, 'ymin': 275, 'xmax': 375, 'ymax': 311}}, {'score': 0.9867619276046753, 'label': 'car', 'box': {'xmin': 393, 'ymin': 271, 'xmax': 447, 'ymax': 309}}, {'score': 0.950019896030426, 'label': 'bicycle', 'box': {'xmin': 455, 'ymin': 314, 'xmax': 570, 'ymax': 394}}, {'score': 0.9913976192474365, 'label': 'bicycle', 'box': {'xmin': 361, 'ymin': 292, 'xmax': 374, 'ymax': 316}}]","{'bicycle': 5, 'car': 1, 'truck': 0, 'train': 0, 'motorcycle': 0}"
69,DB17BE06-FF8F-4DF4-AB2D-E38AEB6F3998.jpeg,"[{'score': 0.9934965372085571, 'label': 'backpack', 'box': {'xmin': 274, 'ymin': 362, 'xmax': 343, 'ymax': 428}}, {'score': 0.9796500205993652, 'label': 'backpack', 'box': {'xmin': 188, 'ymin': 363, 'xmax': 219, 'ymax': 410}}, {'score': 0.9818283915519714, 'label': 'bicycle', 'box': {'xmin': 152, 'ymin': 408, 'xmax': 223, 'ymax': 486}}, {'score': 0.9991232752799988, 'label': 'person', 'box': {'xmin': 161, 'ymin': 339, 'xmax': 219, 'ymax': 475}}, {'score': 0.9507430791854858, 'label': 'person', 'box': {'xmin': 216, 'ymin': 348, 'xmax': 337, 'ymax': 553}}, {'score': 0.9973341226577759, 'label': 'bicycle', 'box': {'xmin': 223, 'ymin': 418, 'xmax': 390, 'ymax': 636}}]","{'bicycle': 2, 'car': 0, 'truck': 0, 'train': 0, 'motorcycle': 0}"
70,IMG_7757_Medium.jpeg,"[{'score': 0.9541022181510925, 'label': 'bicycle', 'box': {'xmin': 0, 'ymin': 0, 'xmax': 306, 'ymax': 302}}, {'score': 0.9846545457839966, 'label': 'bicycle', 'box': {'xmin': 219, 'ymin': 0, 'xmax': 480, 'ymax': 404}}]","{'bicycle': 2, 'car': 0, 'truck': 0, 'train': 0, 'motorcycle': 0}"
71,IMG_20231017_183257_Medium.jpeg,"[{'score': 0.9737103581428528, 'label': 'bicycle', 'box': {'xmin': 176, 'ymin': 231, 'xmax': 206, 'ymax': 283}}, {'score': 0.9852546453475952, 'label': 'bicycle', 'box': {'xmin': 46, 'ymin': 243, 'xmax': 77, 'ymax': 278}}, {'score': 0.917131781578064, 'label': 'bicycle', 'box': {'xmin': 400, 'ymin': 222, 'xmax': 435, 'ymax': 272}}, {'score': 0.9962807297706604, 'label': 'bicycle', 'box': {'xmin': 132, 'ymin': 227, 'xmax': 186, 'ymax': 283}}, {'score': 0.989785373210907, 'label': 'person', 'box': {'xmin': 109, 'ymin': 214, 'xmax': 128, 'ymax': 250}}, {'score': 0.9735954999923706, 'label': 'person', 'box': {'xmin': 127, 'ymin': 214, 'xmax': 141, 'ymax': 254}}, {'score': 0.9885643124580383, 'label': 'bicycle', 'box': {'xmin': 72, 'ymin': 235, 'xmax': 116, 'ymax': 280}}, {'score': 0.9826356172561646, 'label': 'bicycle', 'box': {'xmin': 268, 'ymin': 212, 'xmax': 290, 'ymax': 246}}, {'score': 0.9629997611045837, 'label': 'person', 'box': {'xmin': 252, 'ymin': 203, 'xmax': 268, 'ymax': 241}}, {'score': 0.9996373653411865, 'label': 'person', 'box': {'xmin': 197, 'ymin': 164, 'xmax': 255, 'ymax': 325}}, {'score': 0.9300140738487244, 'label': 'person', 'box': {'xmin': 11, 'ymin': 222, 'xmax': 29, 'ymax': 244}}, {'score': 0.9971063733100891, 'label': 'bicycle', 'box': {'xmin': 425, 'ymin': 217, 'xmax': 470, 'ymax': 359}}, {'score': 0.9975870847702026, 'label': 'bicycle', 'box': {'xmin': 298, 'ymin': 214, 'xmax': 368, 'ymax': 293}}, {'score': 0.9104710817337036, 'label': 'bicycle', 'box': {'xmin': 223, 'ymin': 261, 'xmax': 244, 'ymax': 331}}, {'score': 0.9578728675842285, 'label': 'person', 'box': {'xmin': 65, 'ymin': 215, 'xmax': 80, 'ymax': 236}}, {'score': 0.9982958436012268, 'label': 'person', 'box': {'xmin': 353, 'ymin': 189, 'xmax': 405, 'ymax': 292}}]","{'bicycle': 9, 'car': 0, 'truck': 0, 'train': 0, 'motorcycle': 0}"
72,IMG_7767.jpg,"[{'score': 0.9411575794219971, 'label': 'bicycle', 'box': {'xmin': 97, 'ymin': 282, 'xmax': 106, 'ymax': 300}}, {'score': 0.9982763528823853, 'label': 'bicycle', 'box': {'xmin': 17, 'ymin': 310, 'xmax': 34, 'ymax': 357}}, {'score': 0.9858443737030029, 'label': 'person', 'box': {'xmin': 94, 'ymin': 276, 'xmax': 106, 'ymax': 299}}, {'score': 0.9902190566062927, 'label': 'backpack', 'box': {'xmin': 15, 'ymin': 281, 'xmax': 35, 'ymax': 307}}, {'score': 0.9985356330871582, 'label': 'person', 'box': {'xmin': 8, 'ymin': 269, 'xmax': 45, 'ymax': 343}}, {'score': 0.9883190393447876, 'label': 'car', 'box': {'xmin': 196, 'ymin': 277, 'xmax': 226, 'ymax': 295}}, {'score': 0.9981949925422668, 'label': 'car', 'box': {'xmin': 222, 'ymin': 270, 'xmax': 410, 'ymax': 344}}]","{'bicycle': 2, 'car': 2, 'truck': 0, 'train': 0, 'motorcycle': 0}"
73,IMG_20231017_184440_Medium.jpeg,"[{'score': 0.9497663378715515, 'label': 'bicycle', 'box': {'xmin': 439, 'ymin': 199, 'xmax': 512, 'ymax': 247}}, {'score': 0.9894164204597473, 'label': 'bicycle', 'box': {'xmin': 418, 'ymin': 204, 'xmax': 548, 'ymax': 463}}, {'score': 0.9482343196868896, 'label': 'bicycle', 'box': {'xmin': 164, 'ymin': 189, 'xmax': 301, 'ymax': 294}}, {'score': 0.9495407938957214, 'label': 'bicycle', 'box': {'xmin': 187, 'ymin': 191, 'xmax': 320, 'ymax': 303}}, {'score': 0.9502618908882141, 'label': 'bicycle', 'box': {'xmin': 152, 'ymin': 198, 'xmax': 245, 'ymax': 287}}, {'score': 0.9606350064277649, 'label': 'bicycle', 'box': {'xmin': 130, 'ymin': 213, 'xmax': 194, 'ymax': 279}}]","{'bicycle': 6, 'car': 0, 'truck': 0, 'train': 0, 'motorcycle': 0}"
74,IMG_20231017_183242_Medium.jpeg,"[{'score': 0.9007682800292969, 'label': 'person', 'box': {'xmin': 414, 'ymin': 233, 'xmax': 428, 'ymax': 250}}, {'score': 0.9953623414039612, 'label': 'bicycle', 'box': {'xmin': 479, 'ymin': 246, 'xmax': 527, 'ymax': 299}}, {'score': 0.9908577799797058, 'label': 'bicycle', 'box': {'xmin': 436, 'ymin': 245, 'xmax': 473, 'ymax': 291}}, {'score': 0.9293630123138428, 'label': 'person', 'box': {'xmin': 571, 'ymin': 229, 'xmax': 585, 'ymax': 257}}, {'score': 0.9914566874504089, 'label': 'bicycle', 'box': {'xmin': 220, 'ymin': 247, 'xmax': 248, 'ymax': 280}}, {'score': 0.9035306572914124, 'label': 'bicycle', 'box': {'xmin': 8, 'ymin': 254, 'xmax': 44, 'ymax': 294}}, {'score': 0.9857125282287598, 'label': 'bicycle', 'box': {'xmin': 271, 'ymin': 249, 'xmax': 326, 'ymax': 323}}, {'score': 0.9550075531005859, 'label': 'person', 'box': {'xmin': 589, 'ymin': 225, 'xmax': 609, 'ymax': 263}}, {'score': 0.9357846975326538, 'label': 'bicycle', 'box': {'xmin': 254, 'ymin': 246, 'xmax': 282, 'ymax': 281}}, {'score': 0.9170340299606323, 'label': 'person', 'box': {'xmin': 537, 'ymin': 231, 'xmax': 549, 'ymax': 246}}, {'score': 0.9242439270019531, 'label': 'bicycle', 'box': {'xmin': 9, 'ymin': 253, 'xmax': 60, 'ymax': 297}}, {'score': 0.9806790351867676, 'label': 'person', 'box': {'xmin': 507, 'ymin': 230, 'xmax': 517, 'ymax': 257}}, {'score': 0.952477216720581, 'label': 'handbag', 'box': {'xmin': 198, 'ymin': 276, 'xmax': 220, 'ymax': 308}}, {'score': 0.9072597622871399, 'label': 'person', 'box': {'xmin': 228, 'ymin': 232, 'xmax': 247, 'ymax': 273}}, {'score': 0.9980912804603577, 'label': 'person', 'box': {'xmin': 176, 'ymin': 213, 'xmax': 217, 'ymax': 322}}, {'score': 0.9849331974983215, 'label': 'bicycle', 'box': {'xmin': 38, 'ymin': 251, 'xmax': 105, 'ymax': 300}}, {'score': 0.9518265128135681, 'label': 'person', 'box': {'xmin': 211, 'ymin': 227, 'xmax': 227, 'ymax': 276}}, {'score': 0.9983627200126648, 'label': 'person', 'box': {'xmin': 366, 'ymin': 227, 'xmax': 402, 'ymax': 334}}, {'score': 0.9672766327857971, 'label': 'bicycle', 'box': {'xmin': 104, 'ymin': 249, 'xmax': 157, 'ymax': 302}}, {'score': 0.9143012762069702, 'label': 'bicycle', 'box': {'xmin': 250, 'ymin': 245, 'xmax': 279, 'ymax': 281}}, {'score': 0.9628148078918457, 'label': 'bicycle', 'box': {'xmin': 325, 'ymin': 249, 'xmax': 372, 'ymax': 321}}, {'score': 0.9989392161369324, 'label': 'bicycle', 'box': {'xmin': 383, 'ymin': 270, 'xmax': 441, 'ymax': 393}}, {'score': 0.9307352304458618, 'label': 'bicycle', 'box': {'xmin': 406, 'ymin': 249, 'xmax': 439, 'ymax': 288}}]","{'bicycle': 13, 'car': 0, 'truck': 0, 'train': 0, 'motorcycle': 0}"
75,IMG_2712.jpeg,"[{'score': 0.9385460019111633, 'label': 'bicycle', 'box': {'xmin': 6, 'ymin': 481, 'xmax': 479, 'ymax': 639}}]","{'bicycle': 1, 'car': 0, 'truck': 0, 'train': 0, 'motorcycle': 0}"
76,FAAE3C27-B9BD-4085-A3B3-76219712708A.jpeg,"[{'score': 0.9659777879714966, 'label': 'car', 'box': {'xmin': 88, 'ymin': 207, 'xmax': 112, 'ymax': 223}}, {'score': 0.9966273903846741, 'label': 'car', 'box': {'xmin': 41, 'ymin': 210, 'xmax': 108, 'ymax': 244}}, {'score': 0.9983704686164856, 'label': 'car', 'box': {'xmin': 0, 'ymin': 211, 'xmax': 65, 'ymax': 256}}, {'score': 0.9973742961883545, 'label': 'truck', 'box': {'xmin': 0, 'ymin': 131, 'xmax': 639, 'ymax': 476}}]","{'bicycle': 0, 'car': 3, 'truck': 1, 'train': 0, 'motorcycle': 0}"
77,IMG_7770_Medium.jpeg,"[{'score': 0.9422813653945923, 'label': 'person', 'box': {'xmin': 358, 'ymin': 289, 'xmax': 366, 'ymax': 309}}, {'score': 0.9273697137832642, 'label': 'car', 'box': {'xmin': 316, 'ymin': 294, 'xmax': 342, 'ymax': 309}}, {'score': 0.99405437707901, 'label': 'person', 'box': {'xmin': 116, 'ymin': 305, 'xmax': 132, 'ymax': 344}}, {'score': 0.9858425259590149, 'label': 'car', 'box': {'xmin': 366, 'ymin': 289, 'xmax': 385, 'ymax': 306}}, {'score': 0.935453474521637, 'label': 'person', 'box': {'xmin': 309, 'ymin': 294, 'xmax': 325, 'ymax': 309}}, {'score': 0.9911355972290039, 'label': 'bicycle', 'box': {'xmin': 119, 'ymin': 324, 'xmax': 132, 'ymax': 349}}, {'score': 0.9950724244117737, 'label': 'person', 'box': {'xmin': 55, 'ymin': 306, 'xmax': 69, 'ymax': 342}}, {'score': 0.9988992214202881, 'label': 'car', 'box': {'xmin': 205, 'ymin': 298, 'xmax': 361, 'ymax': 344}}]","{'bicycle': 1, 'car': 3, 'truck': 0, 'train': 0, 'motorcycle': 0}"
78,25506F4A-CE1C-4674-B280-C013A3EFEBF5.jpeg,"[{'score': 0.9978006482124329, 'label': 'motorcycle', 'box': {'xmin': 45, 'ymin': 101, 'xmax': 479, 'ymax': 587}}]","{'bicycle': 0, 'car': 0, 'truck': 0, 'train': 0, 'motorcycle': 1}"
79,IMG_20231017_184615_Medium.jpeg,"[{'score': 0.9976567029953003, 'label': 'car', 'box': {'xmin': 476, 'ymin': 303, 'xmax': 586, 'ymax': 371}}, {'score': 0.9922869205474854, 'label': 'car', 'box': {'xmin': 356, 'ymin': 292, 'xmax': 371, 'ymax': 304}}, {'score': 0.9574410319328308, 'label': 'person', 'box': {'xmin': 440, 'ymin': 289, 'xmax': 450, 'ymax': 304}}]","{'bicycle': 0, 'car': 2, 'truck': 0, 'train': 0, 'motorcycle': 0}"
80,obstruction-2.jpg,[],"{'bicycle': 0, 'car': 0, 'truck': 0, 'train': 0, 'motorcycle': 0}"
81,IMG_20231017_183911_Medium.jpeg,"[{'score': 0.9853577613830566, 'label': 'handbag', 'box': {'xmin': 320, 'ymin': 261, 'xmax': 341, 'ymax': 296}}, {'score': 0.9050525426864624, 'label': 'bicycle', 'box': {'xmin': 6, 'ymin': 316, 'xmax': 276, 'ymax': 476}}, {'score': 0.9930452704429626, 'label': 'bicycle', 'box': {'xmin': 566, 'ymin': 269, 'xmax': 632, 'ymax': 319}}, {'score': 0.9947158694267273, 'label': 'person', 'box': {'xmin': 235, 'ymin': 270, 'xmax': 246, 'ymax': 300}}, {'score': 0.9496234655380249, 'label': 'bicycle', 'box': {'xmin': 11, 'ymin': 242, 'xmax': 277, 'ymax': 476}}, {'score': 0.999496340751648, 'label': 'person', 'box': {'xmin': 320, 'ymin': 243, 'xmax': 357, 'ymax': 331}}, {'score': 0.9966036081314087, 'label': 'bicycle', 'box': {'xmin': 331, 'ymin': 299, 'xmax': 351, 'ymax': 337}}]","{'bicycle': 4, 'car': 0, 'truck': 0, 'train': 0, 'motorcycle': 0}"
82,IMG_20231017_183739_Medium.jpeg,"[{'score': 0.9987836480140686, 'label': 'person', 'box': {'xmin': 273, 'ymin': 294, 'xmax': 302, 'ymax': 352}}, {'score': 0.9288637042045593, 'label': 'chair', 'box': {'xmin': 25, 'ymin': 337, 'xmax': 57, 'ymax': 399}}, {'score': 0.9333040714263916, 'label': 'potted plant', 'box': {'xmin': 21, 'ymin': 283, 'xmax': 62, 'ymax': 335}}, {'score': 0.9862592220306396, 'label': 'chair', 'box': {'xmin': 568, 'ymin': 343, 'xmax': 622, 'ymax': 430}}, {'score': 0.9284605979919434, 'label': 'chair', 'box': {'xmin': 585, 'ymin': 328, 'xmax': 611, 'ymax': 360}}, {'score': 0.9704316258430481, 'label': 'chair', 'box': {'xmin': 605, 'ymin': 351, 'xmax': 640, 'ymax': 445}}, {'score': 0.984509289264679, 'label': 'chair', 'box': {'xmin': 0, 'ymin': 340, 'xmax': 32, 'ymax': 410}}, {'score': 0.9398199319839478, 'label': 'chair', 'box': {'xmin': 49, 'ymin': 338, 'xmax': 83, 'ymax': 398}}, {'score': 0.9083364605903625, 'label': 'dining table', 'box': {'xmin': 617, 'ymin': 337, 'xmax': 639, 'ymax': 351}}, {'score': 0.9864610433578491, 'label': 'bench', 'box': {'xmin': 156, 'ymin': 353, 'xmax': 206, 'ymax': 382}}, {'score': 0.9972636699676514, 'label': 'car', 'box': {'xmin': 198, 'ymin': 294, 'xmax': 324, 'ymax': 339}}, {'score': 0.9336039423942566, 'label': 'chair', 'box': {'xmin': 114, 'ymin': 333, 'xmax': 135, 'ymax': 344}}, {'score': 0.9467280507087708, 'label': 'chair', 'box': {'xmin': 51, 'ymin': 338, 'xmax': 86, 'ymax': 398}}, {'score': 0.9516061544418335, 'label': 'dining table', 'box': {'xmin': 64, 'ymin': 340, 'xmax': 135, 'ymax': 392}}, {'score': 0.9515028595924377, 'label': 'potted plant', 'box': {'xmin': 114, 'ymin': 281, 'xmax': 147, 'ymax': 328}}, {'score': 0.9966411590576172, 'label': 'bicycle', 'box': {'xmin': 276, 'ymin': 306, 'xmax': 307, 'ymax': 363}}, {'score': 0.9395107626914978, 'label': 'chair', 'box': {'xmin': 57, 'ymin': 328, 'xmax': 78, 'ymax': 340}}, {'score': 0.997911274433136, 'label': 'car', 'box': {'xmin': 415, 'ymin': 295, 'xmax': 530, 'ymax': 337}}]","{'bicycle': 1, 'car': 2, 'truck': 0, 'train': 0, 'motorcycle': 0}"
83,IMG_7769_Medium.jpeg,"[{'score': 0.9470911622047424, 'label': 'person', 'box': {'xmin': 393, 'ymin': 293, 'xmax': 401, 'ymax': 309}}, {'score': 0.9715856313705444, 'label': 'person', 'box': {'xmin': 422, 'ymin': 300, 'xmax': 428, 'ymax': 317}}, {'score': 0.9936129450798035, 'label': 'bicycle', 'box': {'xmin': 164, 'ymin': 324, 'xmax': 175, 'ymax': 353}}, {'score': 0.9978585839271545, 'label': 'person', 'box': {'xmin': 161, 'ymin': 308, 'xmax': 179, 'ymax': 345}}, {'score': 0.9938796758651733, 'label': 'car', 'box': {'xmin': 358, 'ymin': 301, 'xmax': 397, 'ymax': 320}}, {'score': 0.9903469681739807, 'label': 'person', 'box': {'xmin': 121, 'ymin': 310, 'xmax': 133, 'ymax': 342}}, {'score': 0.9985130429267883, 'label': 'car', 'box': {'xmin': 283, 'ymin': 307, 'xmax': 396, 'ymax': 349}}]","{'bicycle': 1, 'car': 2, 'truck': 0, 'train': 0, 'motorcycle': 0}"
84,IMG_20231017_183725_Medium.jpeg,"[{'score': 0.9942654967308044, 'label': 'backpack', 'box': {'xmin': 343, 'ymin': 239, 'xmax': 371, 'ymax': 284}}, {'score': 0.9802610278129578, 'label': 'chair', 'box': {'xmin': 25, 'ymin': 294, 'xmax': 63, 'ymax': 353}}, {'score': 0.9981361627578735, 'label': 'person', 'box': {'xmin': 535, 'ymin': 243, 'xmax': 569, 'ymax': 321}}, {'score': 0.9865532517433167, 'label': 'chair', 'box': {'xmin': 540, 'ymin': 300, 'xmax': 586, 'ymax': 385}}, {'score': 0.9437019228935242, 'label': 'chair', 'box': {'xmin': 0, 'ymin': 294, 'xmax': 29, 'ymax': 362}}, {'score': 0.9070795178413391, 'label': 'chair', 'box': {'xmin': 251, 'ymin': 264, 'xmax': 267, 'ymax': 285}}, {'score': 0.979528546333313, 'label': 'bench', 'box': {'xmin': 137, 'ymin': 309, 'xmax': 185, 'ymax': 338}}, {'score': 0.9550514221191406, 'label': 'chair', 'box': {'xmin': 77, 'ymin': 299, 'xmax': 112, 'ymax': 343}}, {'score': 0.9306449294090271, 'label': 'dining table', 'box': {'xmin': 38, 'ymin': 295, 'xmax': 108, 'ymax': 349}}, {'score': 0.9993288516998291, 'label': 'person', 'box': {'xmin': 339, 'ymin': 222, 'xmax': 384, 'ymax': 334}}, {'score': 0.9980393052101135, 'label': 'bicycle', 'box': {'xmin': 410, 'ymin': 288, 'xmax': 444, 'ymax': 349}}, {'score': 0.9985187649726868, 'label': 'person', 'box': {'xmin': 511, 'ymin': 241, 'xmax': 539, 'ymax': 319}}, {'score': 0.9916737675666809, 'label': 'chair', 'box': {'xmin': 576, 'ymin': 308, 'xmax': 635, 'ymax': 404}}, {'score': 0.9988651275634766, 'label': 'person', 'box': {'xmin': 411, 'ymin': 238, 'xmax': 455, 'ymax': 329}}, {'score': 0.9985265731811523, 'label': 'bicycle', 'box': {'xmin': 347, 'ymin': 294, 'xmax': 374, 'ymax': 362}}]","{'bicycle': 2, 'car': 0, 'truck': 0, 'train': 0, 'motorcycle': 0}"
85,IMG_7760_Medium.jpeg,"[{'score': 0.9030300974845886, 'label': 'person', 'box': {'xmin': 0, 'ymin': 421, 'xmax': 108, 'ymax': 639}}]","{'bicycle': 0, 'car': 0, 'truck': 0, 'train': 0, 'motorcycle': 0}"
86,IMG_20231017_183302_Medium.jpeg,"[{'score': 0.9984691739082336, 'label': 'bicycle', 'box': {'xmin': 453, 'ymin': 266, 'xmax': 519, 'ymax': 371}}, {'score': 0.9174162149429321, 'label': 'person', 'box': {'xmin': 623, 'ymin': 240, 'xmax': 640, 'ymax': 261}}, {'score': 0.9918125867843628, 'label': 'bicycle', 'box': {'xmin': 433, 'ymin': 264, 'xmax': 463, 'ymax': 294}}, {'score': 0.9722188115119934, 'label': 'person', 'box': {'xmin': 593, 'ymin': 235, 'xmax': 610, 'ymax': 262}}, {'score': 0.9974533915519714, 'label': 'bicycle', 'box': {'xmin': 568, 'ymin': 257, 'xmax': 639, 'ymax': 318}}, {'score': 0.9310757517814636, 'label': 'bicycle', 'box': {'xmin': 524, 'ymin': 253, 'xmax': 582, 'ymax': 306}}, {'score': 0.9188957810401917, 'label': 'person', 'box': {'xmin': 392, 'ymin': 241, 'xmax': 406, 'ymax': 260}}, {'score': 0.9649633765220642, 'label': 'person', 'box': {'xmin': 377, 'ymin': 257, 'xmax': 394, 'ymax': 285}}, {'score': 0.9224857687950134, 'label': 'bench', 'box': {'xmin': 380, 'ymin': 261, 'xmax': 439, 'ymax': 288}}, {'score': 0.9084115028381348, 'label': 'person', 'box': {'xmin': 401, 'ymin': 243, 'xmax': 414, 'ymax': 259}}, {'score': 0.9990460276603699, 'label': 'person', 'box': {'xmin': 454, 'ymin': 206, 'xmax': 514, 'ymax': 341}}]","{'bicycle': 4, 'car': 0, 'truck': 0, 'train': 0, 'motorcycle': 0}"
87,IMG_6137.jpeg,"[{'score': 0.9140231013298035, 'label': 'bicycle', 'box': {'xmin': 398, 'ymin': 309, 'xmax': 429, 'ymax': 348}}, {'score': 0.9191386699676514, 'label': 'person', 'box': {'xmin': 375, 'ymin': 286, 'xmax': 387, 'ymax': 305}}, {'score': 0.9850442409515381, 'label': 'bicycle', 'box': {'xmin': 373, 'ymin': 306, 'xmax': 411, 'ymax': 342}}, {'score': 0.9784035682678223, 'label': 'bicycle', 'box': {'xmin': 402, 'ymin': 309, 'xmax': 442, 'ymax': 353}}, {'score': 0.9521849751472473, 'label': 'person', 'box': {'xmin': 365, 'ymin': 286, 'xmax': 379, 'ymax': 312}}, {'score': 0.940629780292511, 'label': 'bicycle', 'box': {'xmin': 314, 'ymin': 302, 'xmax': 344, 'ymax': 337}}, {'score': 0.978941798210144, 'label': 'bicycle', 'box': {'xmin': 5, 'ymin': 396, 'xmax': 187, 'ymax': 632}}, {'score': 0.9183741807937622, 'label': 'person', 'box': {'xmin': 5, 'ymin': 188, 'xmax': 40, 'ymax': 268}}, {'score': 0.9863275289535522, 'label': 'person', 'box': {'xmin': 12, 'ymin': 232, 'xmax': 71, 'ymax': 417}}, {'score': 0.9168198108673096, 'label': 'bicycle', 'box': {'xmin': 356, 'ymin': 305, 'xmax': 379, 'ymax': 339}}, {'score': 0.9891256093978882, 'label': 'bicycle', 'box': {'xmin': 428, 'ymin': 314, 'xmax': 461, 'ymax': 358}}, {'score': 0.9614627957344055, 'label': 'person', 'box': {'xmin': 313, 'ymin': 283, 'xmax': 329, 'ymax': 303}}]","{'bicycle': 7, 'car': 0, 'truck': 0, 'train': 0, 'motorcycle': 0}"
